id,recommendation_name,category,sub_category,provider_scope,source_provider,recommendation_type,priority,end_user_value,implementation_complexity,primary_metrics,baseline_thresholds,lookback_window,native_or_saas_data_source,third_party_saas_options,product_catalog_dependency,compatibility_group,onboarding_to_engine,basic_engine_support,notes_and_guardrails
BR-0001,"Idle VM shutdown (AWS, standard)",Compute,VM,AWS,AWS Compute Optimizer / Cost Optimization Hub / Trusted Advisor,Shutdown,P0,Very High,Low,avg_cpu_pct;p95_network_out_mbps;disk_iops,avg_cpu_pct<5%;p95_network_out<0.1Mbps;disk_iops<5,14d,CloudWatch; Compute Optimizer; Cost Explorer; CUR; Pricing API,CloudHealth;Cloudability;Densify,source sku hourly rate; region; os; vcpu; memory,compute.vm.same-architecture-family,IAM cross-account role + CUR + CloudWatch/ComputeOptimizer read,Supported if listed metrics are available in Signal Catalog; native advisor rows can be imported as normalized Findings,Suppress prod tier-0 unless manually allowed; baseline threshold as listed
BR-0002,"Idle VM shutdown (AWS, strict)",Compute,VM,AWS,AWS Compute Optimizer / Cost Optimization Hub / Trusted Advisor,Shutdown,P0,Very High,Low,avg_cpu_pct;p95_network_out_mbps;disk_iops,avg_cpu_pct<5%;p95_network_out<0.1Mbps;disk_iops<5; strict mode adds 20% safety headroom,14d,CloudWatch; Compute Optimizer; Cost Explorer; CUR; Pricing API,CloudHealth;Cloudability;Densify,source sku hourly rate; region; os; vcpu; memory,compute.vm.same-architecture-family,IAM cross-account role + CUR + CloudWatch/ComputeOptimizer read,Supported if listed metrics are available in Signal Catalog; native advisor rows can be imported as normalized Findings,Suppress prod tier-0 unless manually allowed; prod-safe threshold: require +20% stronger evidence and owner approval
BR-0003,"Idle VM shutdown (Azure, standard)",Compute,VM,Azure,Azure Advisor / Azure Monitor / Cost Management,Shutdown,P0,Very High,Low,avg_cpu_pct;p95_network_out_mbps;disk_iops,avg_cpu_pct<5%;p95_network_out<0.1Mbps;disk_iops<5,14d,Advisor API; Azure Monitor; Resource Graph; Cost Export; Retail Prices API,CloudHealth;Cloudability;Densify,source sku hourly rate; region; os; vcpu; memory,compute.vm.same-architecture-family,App Registration SPN + Reader/Monitoring Reader/Cost Reader/Advisor Reader,Supported if listed metrics are available in Signal Catalog; native advisor rows can be imported as normalized Findings,Suppress prod tier-0 unless manually allowed; baseline threshold as listed
BR-0004,"Idle VM shutdown (Azure, strict)",Compute,VM,Azure,Azure Advisor / Azure Monitor / Cost Management,Shutdown,P0,Very High,Low,avg_cpu_pct;p95_network_out_mbps;disk_iops,avg_cpu_pct<5%;p95_network_out<0.1Mbps;disk_iops<5; strict mode adds 20% safety headroom,14d,Advisor API; Azure Monitor; Resource Graph; Cost Export; Retail Prices API,CloudHealth;Cloudability;Densify,source sku hourly rate; region; os; vcpu; memory,compute.vm.same-architecture-family,App Registration SPN + Reader/Monitoring Reader/Cost Reader/Advisor Reader,Supported if listed metrics are available in Signal Catalog; native advisor rows can be imported as normalized Findings,Suppress prod tier-0 unless manually allowed; prod-safe threshold: require +20% stronger evidence and owner approval
BR-0005,"Idle VM shutdown (GCP, standard)",Compute,VM,GCP,Google Cloud Recommender / Monitoring / Billing Export,Shutdown,P0,Very High,Low,avg_cpu_pct;p95_network_out_mbps;disk_iops,avg_cpu_pct<5%;p95_network_out<0.1Mbps;disk_iops<5,14d,Recommender API; Cloud Monitoring; Cloud Asset Inventory; BigQuery Billing Export; Cloud Billing Catalog,CloudHealth;Cloudability;Densify,source sku hourly rate; region; os; vcpu; memory,compute.vm.same-architecture-family,Service account or WIF + recommender/monitoring/asset/billing export access,Supported if listed metrics are available in Signal Catalog; native advisor rows can be imported as normalized Findings,Suppress prod tier-0 unless manually allowed; baseline threshold as listed
BR-0006,"Idle VM shutdown (GCP, strict)",Compute,VM,GCP,Google Cloud Recommender / Monitoring / Billing Export,Shutdown,P0,Very High,Low,avg_cpu_pct;p95_network_out_mbps;disk_iops,avg_cpu_pct<5%;p95_network_out<0.1Mbps;disk_iops<5; strict mode adds 20% safety headroom,14d,Recommender API; Cloud Monitoring; Cloud Asset Inventory; BigQuery Billing Export; Cloud Billing Catalog,CloudHealth;Cloudability;Densify,source sku hourly rate; region; os; vcpu; memory,compute.vm.same-architecture-family,Service account or WIF + recommender/monitoring/asset/billing export access,Supported if listed metrics are available in Signal Catalog; native advisor rows can be imported as normalized Findings,Suppress prod tier-0 unless manually allowed; prod-safe threshold: require +20% stronger evidence and owner approval
BR-0007,"Idle VM shutdown (SaaS, standard)",Compute,VM,SaaS,CloudHealth / Cloudability / Densify / Datadog / Kubecost / Spot.io / Flexera,Shutdown,P0,Very High,Low,avg_cpu_pct;p95_network_out_mbps;disk_iops,avg_cpu_pct<5%;p95_network_out<0.1Mbps;disk_iops<5,14d,SaaS REST APIs; exports; webhooks; collectors,CloudHealth;Cloudability;Densify,source sku hourly rate; region; os; vcpu; memory,compute.vm.same-architecture-family,API token + account/cluster/resource mapping to FinOps Signal Catalog,Supported if listed metrics are available in Signal Catalog; native advisor rows can be imported as normalized Findings,Suppress prod tier-0 unless manually allowed; baseline threshold as listed
BR-0008,"Idle VM shutdown (SaaS, strict)",Compute,VM,SaaS,CloudHealth / Cloudability / Densify / Datadog / Kubecost / Spot.io / Flexera,Shutdown,P0,Very High,Low,avg_cpu_pct;p95_network_out_mbps;disk_iops,avg_cpu_pct<5%;p95_network_out<0.1Mbps;disk_iops<5; strict mode adds 20% safety headroom,14d,SaaS REST APIs; exports; webhooks; collectors,CloudHealth;Cloudability;Densify,source sku hourly rate; region; os; vcpu; memory,compute.vm.same-architecture-family,API token + account/cluster/resource mapping to FinOps Signal Catalog,Supported if listed metrics are available in Signal Catalog; native advisor rows can be imported as normalized Findings,Suppress prod tier-0 unless manually allowed; prod-safe threshold: require +20% stronger evidence and owner approval
BR-0009,"Idle VM shutdown (FinOps, standard)",Compute,VM,FinOps,FinOps Basic Provider Registry + Signal Catalog,Shutdown,P0,Very High,Low,avg_cpu_pct;p95_network_out_mbps;disk_iops,avg_cpu_pct<5%;p95_network_out<0.1Mbps;disk_iops<5,14d,Canonical Signal Catalog query; Product Catalog rate_delta; Reconciler outcomes,CloudHealth;Cloudability;Densify,source sku hourly rate; region; os; vcpu; memory,compute.vm.same-architecture-family,Manifest-driven integration + health probe + signal binding + backtest,Supported if listed metrics are available in Signal Catalog; native advisor rows can be imported as normalized Findings,Suppress prod tier-0 unless manually allowed; baseline threshold as listed
BR-0010,"Idle VM shutdown (FinOps, strict)",Compute,VM,FinOps,FinOps Basic Provider Registry + Signal Catalog,Shutdown,P0,Very High,Low,avg_cpu_pct;p95_network_out_mbps;disk_iops,avg_cpu_pct<5%;p95_network_out<0.1Mbps;disk_iops<5; strict mode adds 20% safety headroom,14d,Canonical Signal Catalog query; Product Catalog rate_delta; Reconciler outcomes,CloudHealth;Cloudability;Densify,source sku hourly rate; region; os; vcpu; memory,compute.vm.same-architecture-family,Manifest-driven integration + health probe + signal binding + backtest,Supported if listed metrics are available in Signal Catalog; native advisor rows can be imported as normalized Findings,Suppress prod tier-0 unless manually allowed; prod-safe threshold: require +20% stronger evidence and owner approval
BR-0011,"VM rightsize down (AWS, standard)",Compute,VM,AWS,AWS Compute Optimizer / Cost Optimization Hub / Trusted Advisor,RightsizeSku,P0,Very High,Medium,p95_cpu_pct;p95_mem_pct;p95_network_pct,p95_cpu<40%;p95_mem<60%;p95_network<60% target cap,14d,CloudWatch; Compute Optimizer; Cost Explorer; CUR; Pricing API,Compute Optimizer;Azure Advisor;GCP Recommender;Densify,source sku; target sku; price delta,compute.vm.same-architecture-family,IAM cross-account role + CUR + CloudWatch/ComputeOptimizer read,Supported if listed metrics are available in Signal Catalog; native advisor rows can be imported as normalized Findings,Preserve configured headroom; baseline threshold as listed
BR-0012,"VM rightsize down (AWS, strict)",Compute,VM,AWS,AWS Compute Optimizer / Cost Optimization Hub / Trusted Advisor,RightsizeSku,P0,Very High,Medium,p95_cpu_pct;p95_mem_pct;p95_network_pct,p95_cpu<40%;p95_mem<60%;p95_network<60% target cap; strict mode adds 20% safety headroom,14d,CloudWatch; Compute Optimizer; Cost Explorer; CUR; Pricing API,Compute Optimizer;Azure Advisor;GCP Recommender;Densify,source sku; target sku; price delta,compute.vm.same-architecture-family,IAM cross-account role + CUR + CloudWatch/ComputeOptimizer read,Supported if listed metrics are available in Signal Catalog; native advisor rows can be imported as normalized Findings,Preserve configured headroom; prod-safe threshold: require +20% stronger evidence and owner approval
BR-0013,"VM rightsize down (Azure, standard)",Compute,VM,Azure,Azure Advisor / Azure Monitor / Cost Management,RightsizeSku,P0,Very High,Medium,p95_cpu_pct;p95_mem_pct;p95_network_pct,p95_cpu<40%;p95_mem<60%;p95_network<60% target cap,14d,Advisor API; Azure Monitor; Resource Graph; Cost Export; Retail Prices API,Compute Optimizer;Azure Advisor;GCP Recommender;Densify,source sku; target sku; price delta,compute.vm.same-architecture-family,App Registration SPN + Reader/Monitoring Reader/Cost Reader/Advisor Reader,Supported if listed metrics are available in Signal Catalog; native advisor rows can be imported as normalized Findings,Preserve configured headroom; baseline threshold as listed
BR-0014,"VM rightsize down (Azure, strict)",Compute,VM,Azure,Azure Advisor / Azure Monitor / Cost Management,RightsizeSku,P0,Very High,Medium,p95_cpu_pct;p95_mem_pct;p95_network_pct,p95_cpu<40%;p95_mem<60%;p95_network<60% target cap; strict mode adds 20% safety headroom,14d,Advisor API; Azure Monitor; Resource Graph; Cost Export; Retail Prices API,Compute Optimizer;Azure Advisor;GCP Recommender;Densify,source sku; target sku; price delta,compute.vm.same-architecture-family,App Registration SPN + Reader/Monitoring Reader/Cost Reader/Advisor Reader,Supported if listed metrics are available in Signal Catalog; native advisor rows can be imported as normalized Findings,Preserve configured headroom; prod-safe threshold: require +20% stronger evidence and owner approval
BR-0015,"VM rightsize down (GCP, standard)",Compute,VM,GCP,Google Cloud Recommender / Monitoring / Billing Export,RightsizeSku,P0,Very High,Medium,p95_cpu_pct;p95_mem_pct;p95_network_pct,p95_cpu<40%;p95_mem<60%;p95_network<60% target cap,14d,Recommender API; Cloud Monitoring; Cloud Asset Inventory; BigQuery Billing Export; Cloud Billing Catalog,Compute Optimizer;Azure Advisor;GCP Recommender;Densify,source sku; target sku; price delta,compute.vm.same-architecture-family,Service account or WIF + recommender/monitoring/asset/billing export access,Supported if listed metrics are available in Signal Catalog; native advisor rows can be imported as normalized Findings,Preserve configured headroom; baseline threshold as listed
BR-0016,"VM rightsize down (GCP, strict)",Compute,VM,GCP,Google Cloud Recommender / Monitoring / Billing Export,RightsizeSku,P0,Very High,Medium,p95_cpu_pct;p95_mem_pct;p95_network_pct,p95_cpu<40%;p95_mem<60%;p95_network<60% target cap; strict mode adds 20% safety headroom,14d,Recommender API; Cloud Monitoring; Cloud Asset Inventory; BigQuery Billing Export; Cloud Billing Catalog,Compute Optimizer;Azure Advisor;GCP Recommender;Densify,source sku; target sku; price delta,compute.vm.same-architecture-family,Service account or WIF + recommender/monitoring/asset/billing export access,Supported if listed metrics are available in Signal Catalog; native advisor rows can be imported as normalized Findings,Preserve configured headroom; prod-safe threshold: require +20% stronger evidence and owner approval
BR-0017,"VM rightsize down (SaaS, standard)",Compute,VM,SaaS,CloudHealth / Cloudability / Densify / Datadog / Kubecost / Spot.io / Flexera,RightsizeSku,P0,Very High,Medium,p95_cpu_pct;p95_mem_pct;p95_network_pct,p95_cpu<40%;p95_mem<60%;p95_network<60% target cap,14d,SaaS REST APIs; exports; webhooks; collectors,Compute Optimizer;Azure Advisor;GCP Recommender;Densify,source sku; target sku; price delta,compute.vm.same-architecture-family,API token + account/cluster/resource mapping to FinOps Signal Catalog,Supported if listed metrics are available in Signal Catalog; native advisor rows can be imported as normalized Findings,Preserve configured headroom; baseline threshold as listed
BR-0018,"VM rightsize down (SaaS, strict)",Compute,VM,SaaS,CloudHealth / Cloudability / Densify / Datadog / Kubecost / Spot.io / Flexera,RightsizeSku,P0,Very High,Medium,p95_cpu_pct;p95_mem_pct;p95_network_pct,p95_cpu<40%;p95_mem<60%;p95_network<60% target cap; strict mode adds 20% safety headroom,14d,SaaS REST APIs; exports; webhooks; collectors,Compute Optimizer;Azure Advisor;GCP Recommender;Densify,source sku; target sku; price delta,compute.vm.same-architecture-family,API token + account/cluster/resource mapping to FinOps Signal Catalog,Supported if listed metrics are available in Signal Catalog; native advisor rows can be imported as normalized Findings,Preserve configured headroom; prod-safe threshold: require +20% stronger evidence and owner approval
BR-0019,"VM rightsize down (FinOps, standard)",Compute,VM,FinOps,FinOps Basic Provider Registry + Signal Catalog,RightsizeSku,P0,Very High,Medium,p95_cpu_pct;p95_mem_pct;p95_network_pct,p95_cpu<40%;p95_mem<60%;p95_network<60% target cap,14d,Canonical Signal Catalog query; Product Catalog rate_delta; Reconciler outcomes,Compute Optimizer;Azure Advisor;GCP Recommender;Densify,source sku; target sku; price delta,compute.vm.same-architecture-family,Manifest-driven integration + health probe + signal binding + backtest,Supported if listed metrics are available in Signal Catalog; native advisor rows can be imported as normalized Findings,Preserve configured headroom; baseline threshold as listed
BR-0020,"VM rightsize down (FinOps, strict)",Compute,VM,FinOps,FinOps Basic Provider Registry + Signal Catalog,RightsizeSku,P0,Very High,Medium,p95_cpu_pct;p95_mem_pct;p95_network_pct,p95_cpu<40%;p95_mem<60%;p95_network<60% target cap; strict mode adds 20% safety headroom,14d,Canonical Signal Catalog query; Product Catalog rate_delta; Reconciler outcomes,Compute Optimizer;Azure Advisor;GCP Recommender;Densify,source sku; target sku; price delta,compute.vm.same-architecture-family,Manifest-driven integration + health probe + signal binding + backtest,Supported if listed metrics are available in Signal Catalog; native advisor rows can be imported as normalized Findings,Preserve configured headroom; prod-safe threshold: require +20% stronger evidence and owner approval
BR-0021,"VM underprovisioned upsize (AWS, standard)",Compute,VM,AWS,AWS Compute Optimizer / Cost Optimization Hub / Trusted Advisor,RightsizeSku,P1,High,Medium,p95_cpu_pct;p95_mem_pct;throttle_pct,p95_cpu>85% OR p95_mem>90% OR throttle>5%,7d,CloudWatch; Compute Optimizer; Cost Explorer; CUR; Pricing API,Densify;Datadog,source/target sku and rate increase,compute.vm.same-architecture-family,IAM cross-account role + CUR + CloudWatch/ComputeOptimizer read,Supported if listed metrics are available in Signal Catalog; native advisor rows can be imported as normalized Findings,"Performance recommendation, not direct saving; baseline threshold as listed"
BR-0022,"VM underprovisioned upsize (AWS, strict)",Compute,VM,AWS,AWS Compute Optimizer / Cost Optimization Hub / Trusted Advisor,RightsizeSku,P1,High,Medium,p95_cpu_pct;p95_mem_pct;throttle_pct,p95_cpu>85% OR p95_mem>90% OR throttle>5%; strict mode adds 20% safety headroom,7d,CloudWatch; Compute Optimizer; Cost Explorer; CUR; Pricing API,Densify;Datadog,source/target sku and rate increase,compute.vm.same-architecture-family,IAM cross-account role + CUR + CloudWatch/ComputeOptimizer read,Supported if listed metrics are available in Signal Catalog; native advisor rows can be imported as normalized Findings,"Performance recommendation, not direct saving; prod-safe threshold: require +20% stronger evidence and owner approval"
BR-0023,"VM underprovisioned upsize (Azure, standard)",Compute,VM,Azure,Azure Advisor / Azure Monitor / Cost Management,RightsizeSku,P1,High,Medium,p95_cpu_pct;p95_mem_pct;throttle_pct,p95_cpu>85% OR p95_mem>90% OR throttle>5%,7d,Advisor API; Azure Monitor; Resource Graph; Cost Export; Retail Prices API,Densify;Datadog,source/target sku and rate increase,compute.vm.same-architecture-family,App Registration SPN + Reader/Monitoring Reader/Cost Reader/Advisor Reader,Supported if listed metrics are available in Signal Catalog; native advisor rows can be imported as normalized Findings,"Performance recommendation, not direct saving; baseline threshold as listed"
BR-0024,"VM underprovisioned upsize (Azure, strict)",Compute,VM,Azure,Azure Advisor / Azure Monitor / Cost Management,RightsizeSku,P1,High,Medium,p95_cpu_pct;p95_mem_pct;throttle_pct,p95_cpu>85% OR p95_mem>90% OR throttle>5%; strict mode adds 20% safety headroom,7d,Advisor API; Azure Monitor; Resource Graph; Cost Export; Retail Prices API,Densify;Datadog,source/target sku and rate increase,compute.vm.same-architecture-family,App Registration SPN + Reader/Monitoring Reader/Cost Reader/Advisor Reader,Supported if listed metrics are available in Signal Catalog; native advisor rows can be imported as normalized Findings,"Performance recommendation, not direct saving; prod-safe threshold: require +20% stronger evidence and owner approval"
BR-0025,"VM underprovisioned upsize (GCP, standard)",Compute,VM,GCP,Google Cloud Recommender / Monitoring / Billing Export,RightsizeSku,P1,High,Medium,p95_cpu_pct;p95_mem_pct;throttle_pct,p95_cpu>85% OR p95_mem>90% OR throttle>5%,7d,Recommender API; Cloud Monitoring; Cloud Asset Inventory; BigQuery Billing Export; Cloud Billing Catalog,Densify;Datadog,source/target sku and rate increase,compute.vm.same-architecture-family,Service account or WIF + recommender/monitoring/asset/billing export access,Supported if listed metrics are available in Signal Catalog; native advisor rows can be imported as normalized Findings,"Performance recommendation, not direct saving; baseline threshold as listed"
BR-0026,"VM underprovisioned upsize (GCP, strict)",Compute,VM,GCP,Google Cloud Recommender / Monitoring / Billing Export,RightsizeSku,P1,High,Medium,p95_cpu_pct;p95_mem_pct;throttle_pct,p95_cpu>85% OR p95_mem>90% OR throttle>5%; strict mode adds 20% safety headroom,7d,Recommender API; Cloud Monitoring; Cloud Asset Inventory; BigQuery Billing Export; Cloud Billing Catalog,Densify;Datadog,source/target sku and rate increase,compute.vm.same-architecture-family,Service account or WIF + recommender/monitoring/asset/billing export access,Supported if listed metrics are available in Signal Catalog; native advisor rows can be imported as normalized Findings,"Performance recommendation, not direct saving; prod-safe threshold: require +20% stronger evidence and owner approval"
BR-0027,"VM underprovisioned upsize (SaaS, standard)",Compute,VM,SaaS,CloudHealth / Cloudability / Densify / Datadog / Kubecost / Spot.io / Flexera,RightsizeSku,P1,High,Medium,p95_cpu_pct;p95_mem_pct;throttle_pct,p95_cpu>85% OR p95_mem>90% OR throttle>5%,7d,SaaS REST APIs; exports; webhooks; collectors,Densify;Datadog,source/target sku and rate increase,compute.vm.same-architecture-family,API token + account/cluster/resource mapping to FinOps Signal Catalog,Supported if listed metrics are available in Signal Catalog; native advisor rows can be imported as normalized Findings,"Performance recommendation, not direct saving; baseline threshold as listed"
BR-0028,"VM underprovisioned upsize (SaaS, strict)",Compute,VM,SaaS,CloudHealth / Cloudability / Densify / Datadog / Kubecost / Spot.io / Flexera,RightsizeSku,P1,High,Medium,p95_cpu_pct;p95_mem_pct;throttle_pct,p95_cpu>85% OR p95_mem>90% OR throttle>5%; strict mode adds 20% safety headroom,7d,SaaS REST APIs; exports; webhooks; collectors,Densify;Datadog,source/target sku and rate increase,compute.vm.same-architecture-family,API token + account/cluster/resource mapping to FinOps Signal Catalog,Supported if listed metrics are available in Signal Catalog; native advisor rows can be imported as normalized Findings,"Performance recommendation, not direct saving; prod-safe threshold: require +20% stronger evidence and owner approval"
BR-0029,"VM underprovisioned upsize (FinOps, standard)",Compute,VM,FinOps,FinOps Basic Provider Registry + Signal Catalog,RightsizeSku,P1,High,Medium,p95_cpu_pct;p95_mem_pct;throttle_pct,p95_cpu>85% OR p95_mem>90% OR throttle>5%,7d,Canonical Signal Catalog query; Product Catalog rate_delta; Reconciler outcomes,Densify;Datadog,source/target sku and rate increase,compute.vm.same-architecture-family,Manifest-driven integration + health probe + signal binding + backtest,Supported if listed metrics are available in Signal Catalog; native advisor rows can be imported as normalized Findings,"Performance recommendation, not direct saving; baseline threshold as listed"
BR-0030,"VM underprovisioned upsize (FinOps, strict)",Compute,VM,FinOps,FinOps Basic Provider Registry + Signal Catalog,RightsizeSku,P1,High,Medium,p95_cpu_pct;p95_mem_pct;throttle_pct,p95_cpu>85% OR p95_mem>90% OR throttle>5%; strict mode adds 20% safety headroom,7d,Canonical Signal Catalog query; Product Catalog rate_delta; Reconciler outcomes,Densify;Datadog,source/target sku and rate increase,compute.vm.same-architecture-family,Manifest-driven integration + health probe + signal binding + backtest,Supported if listed metrics are available in Signal Catalog; native advisor rows can be imported as normalized Findings,"Performance recommendation, not direct saving; prod-safe threshold: require +20% stronger evidence and owner approval"
BR-0031,"Legacy generation replacement (AWS, standard)",Compute,VM,AWS,AWS Compute Optimizer / Cost Optimization Hub / Trusted Advisor,RightsizeSku,P0,High,Low,instance_generation;equivalent_next_gen_price_delta;p95_cpu_pct,legacy=true;next_gen_saves>10%;p95_cpu<70%,30d,CloudWatch; Compute Optimizer; Cost Explorer; CUR; Pricing API,CloudHealth;Densify,current and next-gen sku rates,compute.vm.same-architecture-family,IAM cross-account role + CUR + CloudWatch/ComputeOptimizer read,Supported if listed metrics are available in Signal Catalog; native advisor rows can be imported as normalized Findings,Replace old generation before downsizing; baseline threshold as listed
BR-0032,"Legacy generation replacement (AWS, strict)",Compute,VM,AWS,AWS Compute Optimizer / Cost Optimization Hub / Trusted Advisor,RightsizeSku,P0,High,Low,instance_generation;equivalent_next_gen_price_delta;p95_cpu_pct,legacy=true;next_gen_saves>10%;p95_cpu<70%; strict mode adds 20% safety headroom,30d,CloudWatch; Compute Optimizer; Cost Explorer; CUR; Pricing API,CloudHealth;Densify,current and next-gen sku rates,compute.vm.same-architecture-family,IAM cross-account role + CUR + CloudWatch/ComputeOptimizer read,Supported if listed metrics are available in Signal Catalog; native advisor rows can be imported as normalized Findings,Replace old generation before downsizing; prod-safe threshold: require +20% stronger evidence and owner approval
BR-0033,"Legacy generation replacement (Azure, standard)",Compute,VM,Azure,Azure Advisor / Azure Monitor / Cost Management,RightsizeSku,P0,High,Low,instance_generation;equivalent_next_gen_price_delta;p95_cpu_pct,legacy=true;next_gen_saves>10%;p95_cpu<70%,30d,Advisor API; Azure Monitor; Resource Graph; Cost Export; Retail Prices API,CloudHealth;Densify,current and next-gen sku rates,compute.vm.same-architecture-family,App Registration SPN + Reader/Monitoring Reader/Cost Reader/Advisor Reader,Supported if listed metrics are available in Signal Catalog; native advisor rows can be imported as normalized Findings,Replace old generation before downsizing; baseline threshold as listed
BR-0034,"Legacy generation replacement (Azure, strict)",Compute,VM,Azure,Azure Advisor / Azure Monitor / Cost Management,RightsizeSku,P0,High,Low,instance_generation;equivalent_next_gen_price_delta;p95_cpu_pct,legacy=true;next_gen_saves>10%;p95_cpu<70%; strict mode adds 20% safety headroom,30d,Advisor API; Azure Monitor; Resource Graph; Cost Export; Retail Prices API,CloudHealth;Densify,current and next-gen sku rates,compute.vm.same-architecture-family,App Registration SPN + Reader/Monitoring Reader/Cost Reader/Advisor Reader,Supported if listed metrics are available in Signal Catalog; native advisor rows can be imported as normalized Findings,Replace old generation before downsizing; prod-safe threshold: require +20% stronger evidence and owner approval
BR-0035,"Legacy generation replacement (GCP, standard)",Compute,VM,GCP,Google Cloud Recommender / Monitoring / Billing Export,RightsizeSku,P0,High,Low,instance_generation;equivalent_next_gen_price_delta;p95_cpu_pct,legacy=true;next_gen_saves>10%;p95_cpu<70%,30d,Recommender API; Cloud Monitoring; Cloud Asset Inventory; BigQuery Billing Export; Cloud Billing Catalog,CloudHealth;Densify,current and next-gen sku rates,compute.vm.same-architecture-family,Service account or WIF + recommender/monitoring/asset/billing export access,Supported if listed metrics are available in Signal Catalog; native advisor rows can be imported as normalized Findings,Replace old generation before downsizing; baseline threshold as listed
BR-0036,"Legacy generation replacement (GCP, strict)",Compute,VM,GCP,Google Cloud Recommender / Monitoring / Billing Export,RightsizeSku,P0,High,Low,instance_generation;equivalent_next_gen_price_delta;p95_cpu_pct,legacy=true;next_gen_saves>10%;p95_cpu<70%; strict mode adds 20% safety headroom,30d,Recommender API; Cloud Monitoring; Cloud Asset Inventory; BigQuery Billing Export; Cloud Billing Catalog,CloudHealth;Densify,current and next-gen sku rates,compute.vm.same-architecture-family,Service account or WIF + recommender/monitoring/asset/billing export access,Supported if listed metrics are available in Signal Catalog; native advisor rows can be imported as normalized Findings,Replace old generation before downsizing; prod-safe threshold: require +20% stronger evidence and owner approval
BR-0037,"Legacy generation replacement (SaaS, standard)",Compute,VM,SaaS,CloudHealth / Cloudability / Densify / Datadog / Kubecost / Spot.io / Flexera,RightsizeSku,P0,High,Low,instance_generation;equivalent_next_gen_price_delta;p95_cpu_pct,legacy=true;next_gen_saves>10%;p95_cpu<70%,30d,SaaS REST APIs; exports; webhooks; collectors,CloudHealth;Densify,current and next-gen sku rates,compute.vm.same-architecture-family,API token + account/cluster/resource mapping to FinOps Signal Catalog,Supported if listed metrics are available in Signal Catalog; native advisor rows can be imported as normalized Findings,Replace old generation before downsizing; baseline threshold as listed
BR-0038,"Legacy generation replacement (SaaS, strict)",Compute,VM,SaaS,CloudHealth / Cloudability / Densify / Datadog / Kubecost / Spot.io / Flexera,RightsizeSku,P0,High,Low,instance_generation;equivalent_next_gen_price_delta;p95_cpu_pct,legacy=true;next_gen_saves>10%;p95_cpu<70%; strict mode adds 20% safety headroom,30d,SaaS REST APIs; exports; webhooks; collectors,CloudHealth;Densify,current and next-gen sku rates,compute.vm.same-architecture-family,API token + account/cluster/resource mapping to FinOps Signal Catalog,Supported if listed metrics are available in Signal Catalog; native advisor rows can be imported as normalized Findings,Replace old generation before downsizing; prod-safe threshold: require +20% stronger evidence and owner approval
BR-0039,"Legacy generation replacement (FinOps, standard)",Compute,VM,FinOps,FinOps Basic Provider Registry + Signal Catalog,RightsizeSku,P0,High,Low,instance_generation;equivalent_next_gen_price_delta;p95_cpu_pct,legacy=true;next_gen_saves>10%;p95_cpu<70%,30d,Canonical Signal Catalog query; Product Catalog rate_delta; Reconciler outcomes,CloudHealth;Densify,current and next-gen sku rates,compute.vm.same-architecture-family,Manifest-driven integration + health probe + signal binding + backtest,Supported if listed metrics are available in Signal Catalog; native advisor rows can be imported as normalized Findings,Replace old generation before downsizing; baseline threshold as listed
BR-0040,"Legacy generation replacement (FinOps, strict)",Compute,VM,FinOps,FinOps Basic Provider Registry + Signal Catalog,RightsizeSku,P0,High,Low,instance_generation;equivalent_next_gen_price_delta;p95_cpu_pct,legacy=true;next_gen_saves>10%;p95_cpu<70%; strict mode adds 20% safety headroom,30d,Canonical Signal Catalog query; Product Catalog rate_delta; Reconciler outcomes,CloudHealth;Densify,current and next-gen sku rates,compute.vm.same-architecture-family,Manifest-driven integration + health probe + signal binding + backtest,Supported if listed metrics are available in Signal Catalog; native advisor rows can be imported as normalized Findings,Replace old generation before downsizing; prod-safe threshold: require +20% stronger evidence and owner approval
BR-0041,"Burstable credit waste (AWS, standard)",Compute,VM,AWS,AWS Compute Optimizer / Cost Optimization Hub / Trusted Advisor,RightsizeSku,P1,High,Medium,cpu_credit_balance;cpu_credit_charge_usd;p95_cpu_pct,credit_charges>$10/mo AND p95_cpu above baseline,30d,CloudWatch; Compute Optimizer; Cost Explorer; CUR; Pricing API,Datadog;Densify,burstable baseline; surplus credit price,compute.vm.same-architecture-family,IAM cross-account role + CUR + CloudWatch/ComputeOptimizer read,Supported if listed metrics are available in Signal Catalog; native advisor rows can be imported as normalized Findings,Move to non-burst or larger burstable SKU; baseline threshold as listed
BR-0042,"Burstable credit waste (AWS, strict)",Compute,VM,AWS,AWS Compute Optimizer / Cost Optimization Hub / Trusted Advisor,RightsizeSku,P1,High,Medium,cpu_credit_balance;cpu_credit_charge_usd;p95_cpu_pct,credit_charges>$10/mo AND p95_cpu above baseline; strict mode adds 20% safety headroom,30d,CloudWatch; Compute Optimizer; Cost Explorer; CUR; Pricing API,Datadog;Densify,burstable baseline; surplus credit price,compute.vm.same-architecture-family,IAM cross-account role + CUR + CloudWatch/ComputeOptimizer read,Supported if listed metrics are available in Signal Catalog; native advisor rows can be imported as normalized Findings,Move to non-burst or larger burstable SKU; prod-safe threshold: require +20% stronger evidence and owner approval
BR-0043,"Burstable credit waste (Azure, standard)",Compute,VM,Azure,Azure Advisor / Azure Monitor / Cost Management,RightsizeSku,P1,High,Medium,cpu_credit_balance;cpu_credit_charge_usd;p95_cpu_pct,credit_charges>$10/mo AND p95_cpu above baseline,30d,Advisor API; Azure Monitor; Resource Graph; Cost Export; Retail Prices API,Datadog;Densify,burstable baseline; surplus credit price,compute.vm.same-architecture-family,App Registration SPN + Reader/Monitoring Reader/Cost Reader/Advisor Reader,Supported if listed metrics are available in Signal Catalog; native advisor rows can be imported as normalized Findings,Move to non-burst or larger burstable SKU; baseline threshold as listed
BR-0044,"Burstable credit waste (Azure, strict)",Compute,VM,Azure,Azure Advisor / Azure Monitor / Cost Management,RightsizeSku,P1,High,Medium,cpu_credit_balance;cpu_credit_charge_usd;p95_cpu_pct,credit_charges>$10/mo AND p95_cpu above baseline; strict mode adds 20% safety headroom,30d,Advisor API; Azure Monitor; Resource Graph; Cost Export; Retail Prices API,Datadog;Densify,burstable baseline; surplus credit price,compute.vm.same-architecture-family,App Registration SPN + Reader/Monitoring Reader/Cost Reader/Advisor Reader,Supported if listed metrics are available in Signal Catalog; native advisor rows can be imported as normalized Findings,Move to non-burst or larger burstable SKU; prod-safe threshold: require +20% stronger evidence and owner approval
BR-0045,"Burstable credit waste (GCP, standard)",Compute,VM,GCP,Google Cloud Recommender / Monitoring / Billing Export,RightsizeSku,P1,High,Medium,cpu_credit_balance;cpu_credit_charge_usd;p95_cpu_pct,credit_charges>$10/mo AND p95_cpu above baseline,30d,Recommender API; Cloud Monitoring; Cloud Asset Inventory; BigQuery Billing Export; Cloud Billing Catalog,Datadog;Densify,burstable baseline; surplus credit price,compute.vm.same-architecture-family,Service account or WIF + recommender/monitoring/asset/billing export access,Supported if listed metrics are available in Signal Catalog; native advisor rows can be imported as normalized Findings,Move to non-burst or larger burstable SKU; baseline threshold as listed
BR-0046,"Burstable credit waste (GCP, strict)",Compute,VM,GCP,Google Cloud Recommender / Monitoring / Billing Export,RightsizeSku,P1,High,Medium,cpu_credit_balance;cpu_credit_charge_usd;p95_cpu_pct,credit_charges>$10/mo AND p95_cpu above baseline; strict mode adds 20% safety headroom,30d,Recommender API; Cloud Monitoring; Cloud Asset Inventory; BigQuery Billing Export; Cloud Billing Catalog,Datadog;Densify,burstable baseline; surplus credit price,compute.vm.same-architecture-family,Service account or WIF + recommender/monitoring/asset/billing export access,Supported if listed metrics are available in Signal Catalog; native advisor rows can be imported as normalized Findings,Move to non-burst or larger burstable SKU; prod-safe threshold: require +20% stronger evidence and owner approval
BR-0047,"Burstable credit waste (SaaS, standard)",Compute,VM,SaaS,CloudHealth / Cloudability / Densify / Datadog / Kubecost / Spot.io / Flexera,RightsizeSku,P1,High,Medium,cpu_credit_balance;cpu_credit_charge_usd;p95_cpu_pct,credit_charges>$10/mo AND p95_cpu above baseline,30d,SaaS REST APIs; exports; webhooks; collectors,Datadog;Densify,burstable baseline; surplus credit price,compute.vm.same-architecture-family,API token + account/cluster/resource mapping to FinOps Signal Catalog,Supported if listed metrics are available in Signal Catalog; native advisor rows can be imported as normalized Findings,Move to non-burst or larger burstable SKU; baseline threshold as listed
BR-0048,"Burstable credit waste (SaaS, strict)",Compute,VM,SaaS,CloudHealth / Cloudability / Densify / Datadog / Kubecost / Spot.io / Flexera,RightsizeSku,P1,High,Medium,cpu_credit_balance;cpu_credit_charge_usd;p95_cpu_pct,credit_charges>$10/mo AND p95_cpu above baseline; strict mode adds 20% safety headroom,30d,SaaS REST APIs; exports; webhooks; collectors,Datadog;Densify,burstable baseline; surplus credit price,compute.vm.same-architecture-family,API token + account/cluster/resource mapping to FinOps Signal Catalog,Supported if listed metrics are available in Signal Catalog; native advisor rows can be imported as normalized Findings,Move to non-burst or larger burstable SKU; prod-safe threshold: require +20% stronger evidence and owner approval
BR-0049,"Burstable credit waste (FinOps, standard)",Compute,VM,FinOps,FinOps Basic Provider Registry + Signal Catalog,RightsizeSku,P1,High,Medium,cpu_credit_balance;cpu_credit_charge_usd;p95_cpu_pct,credit_charges>$10/mo AND p95_cpu above baseline,30d,Canonical Signal Catalog query; Product Catalog rate_delta; Reconciler outcomes,Datadog;Densify,burstable baseline; surplus credit price,compute.vm.same-architecture-family,Manifest-driven integration + health probe + signal binding + backtest,Supported if listed metrics are available in Signal Catalog; native advisor rows can be imported as normalized Findings,Move to non-burst or larger burstable SKU; baseline threshold as listed
BR-0050,"Burstable credit waste (FinOps, strict)",Compute,VM,FinOps,FinOps Basic Provider Registry + Signal Catalog,RightsizeSku,P1,High,Medium,cpu_credit_balance;cpu_credit_charge_usd;p95_cpu_pct,credit_charges>$10/mo AND p95_cpu above baseline; strict mode adds 20% safety headroom,30d,Canonical Signal Catalog query; Product Catalog rate_delta; Reconciler outcomes,Datadog;Densify,burstable baseline; surplus credit price,compute.vm.same-architecture-family,Manifest-driven integration + health probe + signal binding + backtest,Supported if listed metrics are available in Signal Catalog; native advisor rows can be imported as normalized Findings,Move to non-burst or larger burstable SKU; prod-safe threshold: require +20% stronger evidence and owner approval
BR-0051,"Non-production always-on schedule (AWS, standard)",Compute,Dev/Test,AWS,AWS Compute Optimizer / Cost Optimization Hub / Trusted Advisor,SchedulePause,P0,Very High,Low,env_tag;running_hours_per_week;avg_cpu_offhours_pct,env=dev/test;running_hours>120/wk;offhours_cpu<10%,14d,CloudWatch; Compute Optimizer; Cost Explorer; CUR; Pricing API,CloudHealth;ParkMyCloud;Cloudability,hourly resource rate,compute.vm.same-architecture-family,IAM cross-account role + CUR + CloudWatch/ComputeOptimizer read,Supported if listed metrics are available in Signal Catalog; native advisor rows can be imported as normalized Findings,Apply owner-approved schedule; baseline threshold as listed
BR-0052,"Non-production always-on schedule (AWS, strict)",Compute,Dev/Test,AWS,AWS Compute Optimizer / Cost Optimization Hub / Trusted Advisor,SchedulePause,P0,Very High,Low,env_tag;running_hours_per_week;avg_cpu_offhours_pct,env=dev/test;running_hours>120/wk;offhours_cpu<10%; strict mode adds 20% safety headroom,14d,CloudWatch; Compute Optimizer; Cost Explorer; CUR; Pricing API,CloudHealth;ParkMyCloud;Cloudability,hourly resource rate,compute.vm.same-architecture-family,IAM cross-account role + CUR + CloudWatch/ComputeOptimizer read,Supported if listed metrics are available in Signal Catalog; native advisor rows can be imported as normalized Findings,Apply owner-approved schedule; prod-safe threshold: require +20% stronger evidence and owner approval
BR-0053,"Non-production always-on schedule (Azure, standard)",Compute,Dev/Test,Azure,Azure Advisor / Azure Monitor / Cost Management,SchedulePause,P0,Very High,Low,env_tag;running_hours_per_week;avg_cpu_offhours_pct,env=dev/test;running_hours>120/wk;offhours_cpu<10%,14d,Advisor API; Azure Monitor; Resource Graph; Cost Export; Retail Prices API,CloudHealth;ParkMyCloud;Cloudability,hourly resource rate,compute.vm.same-architecture-family,App Registration SPN + Reader/Monitoring Reader/Cost Reader/Advisor Reader,Supported if listed metrics are available in Signal Catalog; native advisor rows can be imported as normalized Findings,Apply owner-approved schedule; baseline threshold as listed
BR-0054,"Non-production always-on schedule (Azure, strict)",Compute,Dev/Test,Azure,Azure Advisor / Azure Monitor / Cost Management,SchedulePause,P0,Very High,Low,env_tag;running_hours_per_week;avg_cpu_offhours_pct,env=dev/test;running_hours>120/wk;offhours_cpu<10%; strict mode adds 20% safety headroom,14d,Advisor API; Azure Monitor; Resource Graph; Cost Export; Retail Prices API,CloudHealth;ParkMyCloud;Cloudability,hourly resource rate,compute.vm.same-architecture-family,App Registration SPN + Reader/Monitoring Reader/Cost Reader/Advisor Reader,Supported if listed metrics are available in Signal Catalog; native advisor rows can be imported as normalized Findings,Apply owner-approved schedule; prod-safe threshold: require +20% stronger evidence and owner approval
BR-0055,"Non-production always-on schedule (GCP, standard)",Compute,Dev/Test,GCP,Google Cloud Recommender / Monitoring / Billing Export,SchedulePause,P0,Very High,Low,env_tag;running_hours_per_week;avg_cpu_offhours_pct,env=dev/test;running_hours>120/wk;offhours_cpu<10%,14d,Recommender API; Cloud Monitoring; Cloud Asset Inventory; BigQuery Billing Export; Cloud Billing Catalog,CloudHealth;ParkMyCloud;Cloudability,hourly resource rate,compute.vm.same-architecture-family,Service account or WIF + recommender/monitoring/asset/billing export access,Supported if listed metrics are available in Signal Catalog; native advisor rows can be imported as normalized Findings,Apply owner-approved schedule; baseline threshold as listed
BR-0056,"Non-production always-on schedule (GCP, strict)",Compute,Dev/Test,GCP,Google Cloud Recommender / Monitoring / Billing Export,SchedulePause,P0,Very High,Low,env_tag;running_hours_per_week;avg_cpu_offhours_pct,env=dev/test;running_hours>120/wk;offhours_cpu<10%; strict mode adds 20% safety headroom,14d,Recommender API; Cloud Monitoring; Cloud Asset Inventory; BigQuery Billing Export; Cloud Billing Catalog,CloudHealth;ParkMyCloud;Cloudability,hourly resource rate,compute.vm.same-architecture-family,Service account or WIF + recommender/monitoring/asset/billing export access,Supported if listed metrics are available in Signal Catalog; native advisor rows can be imported as normalized Findings,Apply owner-approved schedule; prod-safe threshold: require +20% stronger evidence and owner approval
BR-0057,"Non-production always-on schedule (SaaS, standard)",Compute,Dev/Test,SaaS,CloudHealth / Cloudability / Densify / Datadog / Kubecost / Spot.io / Flexera,SchedulePause,P0,Very High,Low,env_tag;running_hours_per_week;avg_cpu_offhours_pct,env=dev/test;running_hours>120/wk;offhours_cpu<10%,14d,SaaS REST APIs; exports; webhooks; collectors,CloudHealth;ParkMyCloud;Cloudability,hourly resource rate,compute.vm.same-architecture-family,API token + account/cluster/resource mapping to FinOps Signal Catalog,Supported if listed metrics are available in Signal Catalog; native advisor rows can be imported as normalized Findings,Apply owner-approved schedule; baseline threshold as listed
BR-0058,"Non-production always-on schedule (SaaS, strict)",Compute,Dev/Test,SaaS,CloudHealth / Cloudability / Densify / Datadog / Kubecost / Spot.io / Flexera,SchedulePause,P0,Very High,Low,env_tag;running_hours_per_week;avg_cpu_offhours_pct,env=dev/test;running_hours>120/wk;offhours_cpu<10%; strict mode adds 20% safety headroom,14d,SaaS REST APIs; exports; webhooks; collectors,CloudHealth;ParkMyCloud;Cloudability,hourly resource rate,compute.vm.same-architecture-family,API token + account/cluster/resource mapping to FinOps Signal Catalog,Supported if listed metrics are available in Signal Catalog; native advisor rows can be imported as normalized Findings,Apply owner-approved schedule; prod-safe threshold: require +20% stronger evidence and owner approval
BR-0059,"Non-production always-on schedule (FinOps, standard)",Compute,Dev/Test,FinOps,FinOps Basic Provider Registry + Signal Catalog,SchedulePause,P0,Very High,Low,env_tag;running_hours_per_week;avg_cpu_offhours_pct,env=dev/test;running_hours>120/wk;offhours_cpu<10%,14d,Canonical Signal Catalog query; Product Catalog rate_delta; Reconciler outcomes,CloudHealth;ParkMyCloud;Cloudability,hourly resource rate,compute.vm.same-architecture-family,Manifest-driven integration + health probe + signal binding + backtest,Supported if listed metrics are available in Signal Catalog; native advisor rows can be imported as normalized Findings,Apply owner-approved schedule; baseline threshold as listed
BR-0060,"Non-production always-on schedule (FinOps, strict)",Compute,Dev/Test,FinOps,FinOps Basic Provider Registry + Signal Catalog,SchedulePause,P0,Very High,Low,env_tag;running_hours_per_week;avg_cpu_offhours_pct,env=dev/test;running_hours>120/wk;offhours_cpu<10%; strict mode adds 20% safety headroom,14d,Canonical Signal Catalog query; Product Catalog rate_delta; Reconciler outcomes,CloudHealth;ParkMyCloud;Cloudability,hourly resource rate,compute.vm.same-architecture-family,Manifest-driven integration + health probe + signal binding + backtest,Supported if listed metrics are available in Signal Catalog; native advisor rows can be imported as normalized Findings,Apply owner-approved schedule; prod-safe threshold: require +20% stronger evidence and owner approval
BR-0061,"Oversized minimum capacity (AWS, standard)",Compute,ASG/VMSS/MIG,AWS,AWS Compute Optimizer / Cost Optimization Hub / Trusted Advisor,SchedulePause,P1,High,Medium,min_capacity;p5_required_capacity;nonprod_tag,min_capacity>p5_required*1.5 AND nonprod=true,14d,CloudWatch; Compute Optimizer; Cost Explorer; CUR; Pricing API,Datadog;Spot.io,node/instance hourly rates,compute.vm.same-architecture-family,IAM cross-account role + CUR + CloudWatch/ComputeOptimizer read,Supported if listed metrics are available in Signal Catalog; native advisor rows can be imported as normalized Findings,Lower min capacity or schedule; baseline threshold as listed
BR-0062,"Oversized minimum capacity (AWS, strict)",Compute,ASG/VMSS/MIG,AWS,AWS Compute Optimizer / Cost Optimization Hub / Trusted Advisor,SchedulePause,P1,High,Medium,min_capacity;p5_required_capacity;nonprod_tag,min_capacity>p5_required*1.5 AND nonprod=true; strict mode adds 20% safety headroom,14d,CloudWatch; Compute Optimizer; Cost Explorer; CUR; Pricing API,Datadog;Spot.io,node/instance hourly rates,compute.vm.same-architecture-family,IAM cross-account role + CUR + CloudWatch/ComputeOptimizer read,Supported if listed metrics are available in Signal Catalog; native advisor rows can be imported as normalized Findings,Lower min capacity or schedule; prod-safe threshold: require +20% stronger evidence and owner approval
BR-0063,"Oversized minimum capacity (Azure, standard)",Compute,ASG/VMSS/MIG,Azure,Azure Advisor / Azure Monitor / Cost Management,SchedulePause,P1,High,Medium,min_capacity;p5_required_capacity;nonprod_tag,min_capacity>p5_required*1.5 AND nonprod=true,14d,Advisor API; Azure Monitor; Resource Graph; Cost Export; Retail Prices API,Datadog;Spot.io,node/instance hourly rates,compute.vm.same-architecture-family,App Registration SPN + Reader/Monitoring Reader/Cost Reader/Advisor Reader,Supported if listed metrics are available in Signal Catalog; native advisor rows can be imported as normalized Findings,Lower min capacity or schedule; baseline threshold as listed
BR-0064,"Oversized minimum capacity (Azure, strict)",Compute,ASG/VMSS/MIG,Azure,Azure Advisor / Azure Monitor / Cost Management,SchedulePause,P1,High,Medium,min_capacity;p5_required_capacity;nonprod_tag,min_capacity>p5_required*1.5 AND nonprod=true; strict mode adds 20% safety headroom,14d,Advisor API; Azure Monitor; Resource Graph; Cost Export; Retail Prices API,Datadog;Spot.io,node/instance hourly rates,compute.vm.same-architecture-family,App Registration SPN + Reader/Monitoring Reader/Cost Reader/Advisor Reader,Supported if listed metrics are available in Signal Catalog; native advisor rows can be imported as normalized Findings,Lower min capacity or schedule; prod-safe threshold: require +20% stronger evidence and owner approval
BR-0065,"Oversized minimum capacity (GCP, standard)",Compute,ASG/VMSS/MIG,GCP,Google Cloud Recommender / Monitoring / Billing Export,SchedulePause,P1,High,Medium,min_capacity;p5_required_capacity;nonprod_tag,min_capacity>p5_required*1.5 AND nonprod=true,14d,Recommender API; Cloud Monitoring; Cloud Asset Inventory; BigQuery Billing Export; Cloud Billing Catalog,Datadog;Spot.io,node/instance hourly rates,compute.vm.same-architecture-family,Service account or WIF + recommender/monitoring/asset/billing export access,Supported if listed metrics are available in Signal Catalog; native advisor rows can be imported as normalized Findings,Lower min capacity or schedule; baseline threshold as listed
BR-0066,"Oversized minimum capacity (GCP, strict)",Compute,ASG/VMSS/MIG,GCP,Google Cloud Recommender / Monitoring / Billing Export,SchedulePause,P1,High,Medium,min_capacity;p5_required_capacity;nonprod_tag,min_capacity>p5_required*1.5 AND nonprod=true; strict mode adds 20% safety headroom,14d,Recommender API; Cloud Monitoring; Cloud Asset Inventory; BigQuery Billing Export; Cloud Billing Catalog,Datadog;Spot.io,node/instance hourly rates,compute.vm.same-architecture-family,Service account or WIF + recommender/monitoring/asset/billing export access,Supported if listed metrics are available in Signal Catalog; native advisor rows can be imported as normalized Findings,Lower min capacity or schedule; prod-safe threshold: require +20% stronger evidence and owner approval
BR-0067,"Oversized minimum capacity (SaaS, standard)",Compute,ASG/VMSS/MIG,SaaS,CloudHealth / Cloudability / Densify / Datadog / Kubecost / Spot.io / Flexera,SchedulePause,P1,High,Medium,min_capacity;p5_required_capacity;nonprod_tag,min_capacity>p5_required*1.5 AND nonprod=true,14d,SaaS REST APIs; exports; webhooks; collectors,Datadog;Spot.io,node/instance hourly rates,compute.vm.same-architecture-family,API token + account/cluster/resource mapping to FinOps Signal Catalog,Supported if listed metrics are available in Signal Catalog; native advisor rows can be imported as normalized Findings,Lower min capacity or schedule; baseline threshold as listed
BR-0068,"Oversized minimum capacity (SaaS, strict)",Compute,ASG/VMSS/MIG,SaaS,CloudHealth / Cloudability / Densify / Datadog / Kubecost / Spot.io / Flexera,SchedulePause,P1,High,Medium,min_capacity;p5_required_capacity;nonprod_tag,min_capacity>p5_required*1.5 AND nonprod=true; strict mode adds 20% safety headroom,14d,SaaS REST APIs; exports; webhooks; collectors,Datadog;Spot.io,node/instance hourly rates,compute.vm.same-architecture-family,API token + account/cluster/resource mapping to FinOps Signal Catalog,Supported if listed metrics are available in Signal Catalog; native advisor rows can be imported as normalized Findings,Lower min capacity or schedule; prod-safe threshold: require +20% stronger evidence and owner approval
BR-0069,"Oversized minimum capacity (FinOps, standard)",Compute,ASG/VMSS/MIG,FinOps,FinOps Basic Provider Registry + Signal Catalog,SchedulePause,P1,High,Medium,min_capacity;p5_required_capacity;nonprod_tag,min_capacity>p5_required*1.5 AND nonprod=true,14d,Canonical Signal Catalog query; Product Catalog rate_delta; Reconciler outcomes,Datadog;Spot.io,node/instance hourly rates,compute.vm.same-architecture-family,Manifest-driven integration + health probe + signal binding + backtest,Supported if listed metrics are available in Signal Catalog; native advisor rows can be imported as normalized Findings,Lower min capacity or schedule; baseline threshold as listed
BR-0070,"Oversized minimum capacity (FinOps, strict)",Compute,ASG/VMSS/MIG,FinOps,FinOps Basic Provider Registry + Signal Catalog,SchedulePause,P1,High,Medium,min_capacity;p5_required_capacity;nonprod_tag,min_capacity>p5_required*1.5 AND nonprod=true; strict mode adds 20% safety headroom,14d,Canonical Signal Catalog query; Product Catalog rate_delta; Reconciler outcomes,Datadog;Spot.io,node/instance hourly rates,compute.vm.same-architecture-family,Manifest-driven integration + health probe + signal binding + backtest,Supported if listed metrics are available in Signal Catalog; native advisor rows can be imported as normalized Findings,Lower min capacity or schedule; prod-safe threshold: require +20% stronger evidence and owner approval
BR-0071,"Idle GPU instance or node (AWS, standard)",Compute,GPU,AWS,AWS Compute Optimizer / Cost Optimization Hub / Trusted Advisor,Shutdown,P0,Very High,Medium,gpu_util_pct;gpu_mem_used_pct;job_queue_depth,avg_gpu_util<5%;gpu_mem<10%;queue_depth=0 for 30m,1d,CloudWatch; Compute Optimizer; Cost Explorer; CUR; Pricing API,run:ai;Spot.io;W&B;Datadog,GPU sku hourly rate; reservation type,compute.gpu.same-accelerator-architecture,IAM cross-account role + CUR + CloudWatch/ComputeOptimizer read,Supported if listed metrics are available in Signal Catalog; native advisor rows can be imported as normalized Findings,From attached AI CostVars Layer 1; baseline threshold as listed
BR-0072,"Idle GPU instance or node (AWS, strict)",Compute,GPU,AWS,AWS Compute Optimizer / Cost Optimization Hub / Trusted Advisor,Shutdown,P0,Very High,Medium,gpu_util_pct;gpu_mem_used_pct;job_queue_depth,avg_gpu_util<5%;gpu_mem<10%;queue_depth=0 for 30m; strict mode adds 20% safety headroom,1d,CloudWatch; Compute Optimizer; Cost Explorer; CUR; Pricing API,run:ai;Spot.io;W&B;Datadog,GPU sku hourly rate; reservation type,compute.gpu.same-accelerator-architecture,IAM cross-account role + CUR + CloudWatch/ComputeOptimizer read,Supported if listed metrics are available in Signal Catalog; native advisor rows can be imported as normalized Findings,From attached AI CostVars Layer 1; prod-safe threshold: require +20% stronger evidence and owner approval
BR-0073,"Idle GPU instance or node (Azure, standard)",Compute,GPU,Azure,Azure Advisor / Azure Monitor / Cost Management,Shutdown,P0,Very High,Medium,gpu_util_pct;gpu_mem_used_pct;job_queue_depth,avg_gpu_util<5%;gpu_mem<10%;queue_depth=0 for 30m,1d,Advisor API; Azure Monitor; Resource Graph; Cost Export; Retail Prices API,run:ai;Spot.io;W&B;Datadog,GPU sku hourly rate; reservation type,compute.gpu.same-accelerator-architecture,App Registration SPN + Reader/Monitoring Reader/Cost Reader/Advisor Reader,Supported if listed metrics are available in Signal Catalog; native advisor rows can be imported as normalized Findings,From attached AI CostVars Layer 1; baseline threshold as listed
BR-0074,"Idle GPU instance or node (Azure, strict)",Compute,GPU,Azure,Azure Advisor / Azure Monitor / Cost Management,Shutdown,P0,Very High,Medium,gpu_util_pct;gpu_mem_used_pct;job_queue_depth,avg_gpu_util<5%;gpu_mem<10%;queue_depth=0 for 30m; strict mode adds 20% safety headroom,1d,Advisor API; Azure Monitor; Resource Graph; Cost Export; Retail Prices API,run:ai;Spot.io;W&B;Datadog,GPU sku hourly rate; reservation type,compute.gpu.same-accelerator-architecture,App Registration SPN + Reader/Monitoring Reader/Cost Reader/Advisor Reader,Supported if listed metrics are available in Signal Catalog; native advisor rows can be imported as normalized Findings,From attached AI CostVars Layer 1; prod-safe threshold: require +20% stronger evidence and owner approval
BR-0075,"Idle GPU instance or node (GCP, standard)",Compute,GPU,GCP,Google Cloud Recommender / Monitoring / Billing Export,Shutdown,P0,Very High,Medium,gpu_util_pct;gpu_mem_used_pct;job_queue_depth,avg_gpu_util<5%;gpu_mem<10%;queue_depth=0 for 30m,1d,Recommender API; Cloud Monitoring; Cloud Asset Inventory; BigQuery Billing Export; Cloud Billing Catalog,run:ai;Spot.io;W&B;Datadog,GPU sku hourly rate; reservation type,compute.gpu.same-accelerator-architecture,Service account or WIF + recommender/monitoring/asset/billing export access,Supported if listed metrics are available in Signal Catalog; native advisor rows can be imported as normalized Findings,From attached AI CostVars Layer 1; baseline threshold as listed
BR-0076,"Idle GPU instance or node (GCP, strict)",Compute,GPU,GCP,Google Cloud Recommender / Monitoring / Billing Export,Shutdown,P0,Very High,Medium,gpu_util_pct;gpu_mem_used_pct;job_queue_depth,avg_gpu_util<5%;gpu_mem<10%;queue_depth=0 for 30m; strict mode adds 20% safety headroom,1d,Recommender API; Cloud Monitoring; Cloud Asset Inventory; BigQuery Billing Export; Cloud Billing Catalog,run:ai;Spot.io;W&B;Datadog,GPU sku hourly rate; reservation type,compute.gpu.same-accelerator-architecture,Service account or WIF + recommender/monitoring/asset/billing export access,Supported if listed metrics are available in Signal Catalog; native advisor rows can be imported as normalized Findings,From attached AI CostVars Layer 1; prod-safe threshold: require +20% stronger evidence and owner approval
BR-0077,"Idle GPU instance or node (SaaS, standard)",Compute,GPU,SaaS,CloudHealth / Cloudability / Densify / Datadog / Kubecost / Spot.io / Flexera,Shutdown,P0,Very High,Medium,gpu_util_pct;gpu_mem_used_pct;job_queue_depth,avg_gpu_util<5%;gpu_mem<10%;queue_depth=0 for 30m,1d,SaaS REST APIs; exports; webhooks; collectors,run:ai;Spot.io;W&B;Datadog,GPU sku hourly rate; reservation type,compute.gpu.same-accelerator-architecture,API token + account/cluster/resource mapping to FinOps Signal Catalog,Supported if listed metrics are available in Signal Catalog; native advisor rows can be imported as normalized Findings,From attached AI CostVars Layer 1; baseline threshold as listed
BR-0078,"Idle GPU instance or node (SaaS, strict)",Compute,GPU,SaaS,CloudHealth / Cloudability / Densify / Datadog / Kubecost / Spot.io / Flexera,Shutdown,P0,Very High,Medium,gpu_util_pct;gpu_mem_used_pct;job_queue_depth,avg_gpu_util<5%;gpu_mem<10%;queue_depth=0 for 30m; strict mode adds 20% safety headroom,1d,SaaS REST APIs; exports; webhooks; collectors,run:ai;Spot.io;W&B;Datadog,GPU sku hourly rate; reservation type,compute.gpu.same-accelerator-architecture,API token + account/cluster/resource mapping to FinOps Signal Catalog,Supported if listed metrics are available in Signal Catalog; native advisor rows can be imported as normalized Findings,From attached AI CostVars Layer 1; prod-safe threshold: require +20% stronger evidence and owner approval
BR-0079,"Idle GPU instance or node (FinOps, standard)",Compute,GPU,FinOps,FinOps Basic Provider Registry + Signal Catalog,Shutdown,P0,Very High,Medium,gpu_util_pct;gpu_mem_used_pct;job_queue_depth,avg_gpu_util<5%;gpu_mem<10%;queue_depth=0 for 30m,1d,Canonical Signal Catalog query; Product Catalog rate_delta; Reconciler outcomes,run:ai;Spot.io;W&B;Datadog,GPU sku hourly rate; reservation type,compute.gpu.same-accelerator-architecture,Manifest-driven integration + health probe + signal binding + backtest,Supported if listed metrics are available in Signal Catalog; native advisor rows can be imported as normalized Findings,From attached AI CostVars Layer 1; baseline threshold as listed
BR-0080,"Idle GPU instance or node (FinOps, strict)",Compute,GPU,FinOps,FinOps Basic Provider Registry + Signal Catalog,Shutdown,P0,Very High,Medium,gpu_util_pct;gpu_mem_used_pct;job_queue_depth,avg_gpu_util<5%;gpu_mem<10%;queue_depth=0 for 30m; strict mode adds 20% safety headroom,1d,Canonical Signal Catalog query; Product Catalog rate_delta; Reconciler outcomes,run:ai;Spot.io;W&B;Datadog,GPU sku hourly rate; reservation type,compute.gpu.same-accelerator-architecture,Manifest-driven integration + health probe + signal binding + backtest,Supported if listed metrics are available in Signal Catalog; native advisor rows can be imported as normalized Findings,From attached AI CostVars Layer 1; prod-safe threshold: require +20% stronger evidence and owner approval
BR-0081,"Low GPU SM utilization (AWS, standard)",Compute,GPU,AWS,AWS Compute Optimizer / Cost Optimization Hub / Trusted Advisor,RightsizeSku,P0,Very High,High,gpu_sm_util_pct;tensor_active_pct;tokens_per_sec,p50_gpu_sm_util<40% for 7d,7d,CloudWatch; Compute Optimizer; Cost Explorer; CUR; Pricing API,W&B;NVIDIA Nsight;run:ai,GPU family; target GPU; memory fit,compute.gpu.same-accelerator-architecture,IAM cross-account role + CUR + CloudWatch/ComputeOptimizer read,Supported if listed metrics are available in Signal Catalog; native advisor rows can be imported as normalized Findings,Tune batch or downsize GPU tier; baseline threshold as listed
BR-0082,"Low GPU SM utilization (AWS, strict)",Compute,GPU,AWS,AWS Compute Optimizer / Cost Optimization Hub / Trusted Advisor,RightsizeSku,P0,Very High,High,gpu_sm_util_pct;tensor_active_pct;tokens_per_sec,p50_gpu_sm_util<40% for 7d; strict mode adds 20% safety headroom,7d,CloudWatch; Compute Optimizer; Cost Explorer; CUR; Pricing API,W&B;NVIDIA Nsight;run:ai,GPU family; target GPU; memory fit,compute.gpu.same-accelerator-architecture,IAM cross-account role + CUR + CloudWatch/ComputeOptimizer read,Supported if listed metrics are available in Signal Catalog; native advisor rows can be imported as normalized Findings,Tune batch or downsize GPU tier; prod-safe threshold: require +20% stronger evidence and owner approval
BR-0083,"Low GPU SM utilization (Azure, standard)",Compute,GPU,Azure,Azure Advisor / Azure Monitor / Cost Management,RightsizeSku,P0,Very High,High,gpu_sm_util_pct;tensor_active_pct;tokens_per_sec,p50_gpu_sm_util<40% for 7d,7d,Advisor API; Azure Monitor; Resource Graph; Cost Export; Retail Prices API,W&B;NVIDIA Nsight;run:ai,GPU family; target GPU; memory fit,compute.gpu.same-accelerator-architecture,App Registration SPN + Reader/Monitoring Reader/Cost Reader/Advisor Reader,Supported if listed metrics are available in Signal Catalog; native advisor rows can be imported as normalized Findings,Tune batch or downsize GPU tier; baseline threshold as listed
BR-0084,"Low GPU SM utilization (Azure, strict)",Compute,GPU,Azure,Azure Advisor / Azure Monitor / Cost Management,RightsizeSku,P0,Very High,High,gpu_sm_util_pct;tensor_active_pct;tokens_per_sec,p50_gpu_sm_util<40% for 7d; strict mode adds 20% safety headroom,7d,Advisor API; Azure Monitor; Resource Graph; Cost Export; Retail Prices API,W&B;NVIDIA Nsight;run:ai,GPU family; target GPU; memory fit,compute.gpu.same-accelerator-architecture,App Registration SPN + Reader/Monitoring Reader/Cost Reader/Advisor Reader,Supported if listed metrics are available in Signal Catalog; native advisor rows can be imported as normalized Findings,Tune batch or downsize GPU tier; prod-safe threshold: require +20% stronger evidence and owner approval
BR-0085,"Low GPU SM utilization (GCP, standard)",Compute,GPU,GCP,Google Cloud Recommender / Monitoring / Billing Export,RightsizeSku,P0,Very High,High,gpu_sm_util_pct;tensor_active_pct;tokens_per_sec,p50_gpu_sm_util<40% for 7d,7d,Recommender API; Cloud Monitoring; Cloud Asset Inventory; BigQuery Billing Export; Cloud Billing Catalog,W&B;NVIDIA Nsight;run:ai,GPU family; target GPU; memory fit,compute.gpu.same-accelerator-architecture,Service account or WIF + recommender/monitoring/asset/billing export access,Supported if listed metrics are available in Signal Catalog; native advisor rows can be imported as normalized Findings,Tune batch or downsize GPU tier; baseline threshold as listed
BR-0086,"Low GPU SM utilization (GCP, strict)",Compute,GPU,GCP,Google Cloud Recommender / Monitoring / Billing Export,RightsizeSku,P0,Very High,High,gpu_sm_util_pct;tensor_active_pct;tokens_per_sec,p50_gpu_sm_util<40% for 7d; strict mode adds 20% safety headroom,7d,Recommender API; Cloud Monitoring; Cloud Asset Inventory; BigQuery Billing Export; Cloud Billing Catalog,W&B;NVIDIA Nsight;run:ai,GPU family; target GPU; memory fit,compute.gpu.same-accelerator-architecture,Service account or WIF + recommender/monitoring/asset/billing export access,Supported if listed metrics are available in Signal Catalog; native advisor rows can be imported as normalized Findings,Tune batch or downsize GPU tier; prod-safe threshold: require +20% stronger evidence and owner approval
BR-0087,"Low GPU SM utilization (SaaS, standard)",Compute,GPU,SaaS,CloudHealth / Cloudability / Densify / Datadog / Kubecost / Spot.io / Flexera,RightsizeSku,P0,Very High,High,gpu_sm_util_pct;tensor_active_pct;tokens_per_sec,p50_gpu_sm_util<40% for 7d,7d,SaaS REST APIs; exports; webhooks; collectors,W&B;NVIDIA Nsight;run:ai,GPU family; target GPU; memory fit,compute.gpu.same-accelerator-architecture,API token + account/cluster/resource mapping to FinOps Signal Catalog,Supported if listed metrics are available in Signal Catalog; native advisor rows can be imported as normalized Findings,Tune batch or downsize GPU tier; baseline threshold as listed
BR-0088,"Low GPU SM utilization (SaaS, strict)",Compute,GPU,SaaS,CloudHealth / Cloudability / Densify / Datadog / Kubecost / Spot.io / Flexera,RightsizeSku,P0,Very High,High,gpu_sm_util_pct;tensor_active_pct;tokens_per_sec,p50_gpu_sm_util<40% for 7d; strict mode adds 20% safety headroom,7d,SaaS REST APIs; exports; webhooks; collectors,W&B;NVIDIA Nsight;run:ai,GPU family; target GPU; memory fit,compute.gpu.same-accelerator-architecture,API token + account/cluster/resource mapping to FinOps Signal Catalog,Supported if listed metrics are available in Signal Catalog; native advisor rows can be imported as normalized Findings,Tune batch or downsize GPU tier; prod-safe threshold: require +20% stronger evidence and owner approval
BR-0089,"Low GPU SM utilization (FinOps, standard)",Compute,GPU,FinOps,FinOps Basic Provider Registry + Signal Catalog,RightsizeSku,P0,Very High,High,gpu_sm_util_pct;tensor_active_pct;tokens_per_sec,p50_gpu_sm_util<40% for 7d,7d,Canonical Signal Catalog query; Product Catalog rate_delta; Reconciler outcomes,W&B;NVIDIA Nsight;run:ai,GPU family; target GPU; memory fit,compute.gpu.same-accelerator-architecture,Manifest-driven integration + health probe + signal binding + backtest,Supported if listed metrics are available in Signal Catalog; native advisor rows can be imported as normalized Findings,Tune batch or downsize GPU tier; baseline threshold as listed
BR-0090,"Low GPU SM utilization (FinOps, strict)",Compute,GPU,FinOps,FinOps Basic Provider Registry + Signal Catalog,RightsizeSku,P0,Very High,High,gpu_sm_util_pct;tensor_active_pct;tokens_per_sec,p50_gpu_sm_util<40% for 7d; strict mode adds 20% safety headroom,7d,Canonical Signal Catalog query; Product Catalog rate_delta; Reconciler outcomes,W&B;NVIDIA Nsight;run:ai,GPU family; target GPU; memory fit,compute.gpu.same-accelerator-architecture,Manifest-driven integration + health probe + signal binding + backtest,Supported if listed metrics are available in Signal Catalog; native advisor rows can be imported as normalized Findings,Tune batch or downsize GPU tier; prod-safe threshold: require +20% stronger evidence and owner approval
BR-0091,"GPU memory overprovision (AWS, standard)",Compute,GPU,AWS,AWS Compute Optimizer / Cost Optimization Hub / Trusted Advisor,RightsizeSku,P0,High,Medium,gpu_mem_peak_gib;gpu_mem_total_gib;oom_events,peak_mem/total_mem<45% AND oom_events=0,7d,CloudWatch; Compute Optimizer; Cost Explorer; CUR; Pricing API,run:ai;W&B;NVIDIA NIM,GPU memory and target GPU,compute.gpu.same-accelerator-architecture,IAM cross-account role + CUR + CloudWatch/ComputeOptimizer read,Supported if listed metrics are available in Signal Catalog; native advisor rows can be imported as normalized Findings,Downsize or use MIG slice; baseline threshold as listed
BR-0092,"GPU memory overprovision (AWS, strict)",Compute,GPU,AWS,AWS Compute Optimizer / Cost Optimization Hub / Trusted Advisor,RightsizeSku,P0,High,Medium,gpu_mem_peak_gib;gpu_mem_total_gib;oom_events,peak_mem/total_mem<45% AND oom_events=0; strict mode adds 20% safety headroom,7d,CloudWatch; Compute Optimizer; Cost Explorer; CUR; Pricing API,run:ai;W&B;NVIDIA NIM,GPU memory and target GPU,compute.gpu.same-accelerator-architecture,IAM cross-account role + CUR + CloudWatch/ComputeOptimizer read,Supported if listed metrics are available in Signal Catalog; native advisor rows can be imported as normalized Findings,Downsize or use MIG slice; prod-safe threshold: require +20% stronger evidence and owner approval
BR-0093,"GPU memory overprovision (Azure, standard)",Compute,GPU,Azure,Azure Advisor / Azure Monitor / Cost Management,RightsizeSku,P0,High,Medium,gpu_mem_peak_gib;gpu_mem_total_gib;oom_events,peak_mem/total_mem<45% AND oom_events=0,7d,Advisor API; Azure Monitor; Resource Graph; Cost Export; Retail Prices API,run:ai;W&B;NVIDIA NIM,GPU memory and target GPU,compute.gpu.same-accelerator-architecture,App Registration SPN + Reader/Monitoring Reader/Cost Reader/Advisor Reader,Supported if listed metrics are available in Signal Catalog; native advisor rows can be imported as normalized Findings,Downsize or use MIG slice; baseline threshold as listed
BR-0094,"GPU memory overprovision (Azure, strict)",Compute,GPU,Azure,Azure Advisor / Azure Monitor / Cost Management,RightsizeSku,P0,High,Medium,gpu_mem_peak_gib;gpu_mem_total_gib;oom_events,peak_mem/total_mem<45% AND oom_events=0; strict mode adds 20% safety headroom,7d,Advisor API; Azure Monitor; Resource Graph; Cost Export; Retail Prices API,run:ai;W&B;NVIDIA NIM,GPU memory and target GPU,compute.gpu.same-accelerator-architecture,App Registration SPN + Reader/Monitoring Reader/Cost Reader/Advisor Reader,Supported if listed metrics are available in Signal Catalog; native advisor rows can be imported as normalized Findings,Downsize or use MIG slice; prod-safe threshold: require +20% stronger evidence and owner approval
BR-0095,"GPU memory overprovision (GCP, standard)",Compute,GPU,GCP,Google Cloud Recommender / Monitoring / Billing Export,RightsizeSku,P0,High,Medium,gpu_mem_peak_gib;gpu_mem_total_gib;oom_events,peak_mem/total_mem<45% AND oom_events=0,7d,Recommender API; Cloud Monitoring; Cloud Asset Inventory; BigQuery Billing Export; Cloud Billing Catalog,run:ai;W&B;NVIDIA NIM,GPU memory and target GPU,compute.gpu.same-accelerator-architecture,Service account or WIF + recommender/monitoring/asset/billing export access,Supported if listed metrics are available in Signal Catalog; native advisor rows can be imported as normalized Findings,Downsize or use MIG slice; baseline threshold as listed
BR-0096,"GPU memory overprovision (GCP, strict)",Compute,GPU,GCP,Google Cloud Recommender / Monitoring / Billing Export,RightsizeSku,P0,High,Medium,gpu_mem_peak_gib;gpu_mem_total_gib;oom_events,peak_mem/total_mem<45% AND oom_events=0; strict mode adds 20% safety headroom,7d,Recommender API; Cloud Monitoring; Cloud Asset Inventory; BigQuery Billing Export; Cloud Billing Catalog,run:ai;W&B;NVIDIA NIM,GPU memory and target GPU,compute.gpu.same-accelerator-architecture,Service account or WIF + recommender/monitoring/asset/billing export access,Supported if listed metrics are available in Signal Catalog; native advisor rows can be imported as normalized Findings,Downsize or use MIG slice; prod-safe threshold: require +20% stronger evidence and owner approval
BR-0097,"GPU memory overprovision (SaaS, standard)",Compute,GPU,SaaS,CloudHealth / Cloudability / Densify / Datadog / Kubecost / Spot.io / Flexera,RightsizeSku,P0,High,Medium,gpu_mem_peak_gib;gpu_mem_total_gib;oom_events,peak_mem/total_mem<45% AND oom_events=0,7d,SaaS REST APIs; exports; webhooks; collectors,run:ai;W&B;NVIDIA NIM,GPU memory and target GPU,compute.gpu.same-accelerator-architecture,API token + account/cluster/resource mapping to FinOps Signal Catalog,Supported if listed metrics are available in Signal Catalog; native advisor rows can be imported as normalized Findings,Downsize or use MIG slice; baseline threshold as listed
BR-0098,"GPU memory overprovision (SaaS, strict)",Compute,GPU,SaaS,CloudHealth / Cloudability / Densify / Datadog / Kubecost / Spot.io / Flexera,RightsizeSku,P0,High,Medium,gpu_mem_peak_gib;gpu_mem_total_gib;oom_events,peak_mem/total_mem<45% AND oom_events=0; strict mode adds 20% safety headroom,7d,SaaS REST APIs; exports; webhooks; collectors,run:ai;W&B;NVIDIA NIM,GPU memory and target GPU,compute.gpu.same-accelerator-architecture,API token + account/cluster/resource mapping to FinOps Signal Catalog,Supported if listed metrics are available in Signal Catalog; native advisor rows can be imported as normalized Findings,Downsize or use MIG slice; prod-safe threshold: require +20% stronger evidence and owner approval
BR-0099,"GPU memory overprovision (FinOps, standard)",Compute,GPU,FinOps,FinOps Basic Provider Registry + Signal Catalog,RightsizeSku,P0,High,Medium,gpu_mem_peak_gib;gpu_mem_total_gib;oom_events,peak_mem/total_mem<45% AND oom_events=0,7d,Canonical Signal Catalog query; Product Catalog rate_delta; Reconciler outcomes,run:ai;W&B;NVIDIA NIM,GPU memory and target GPU,compute.gpu.same-accelerator-architecture,Manifest-driven integration + health probe + signal binding + backtest,Supported if listed metrics are available in Signal Catalog; native advisor rows can be imported as normalized Findings,Downsize or use MIG slice; baseline threshold as listed
BR-0100,"GPU memory overprovision (FinOps, strict)",Compute,GPU,FinOps,FinOps Basic Provider Registry + Signal Catalog,RightsizeSku,P0,High,Medium,gpu_mem_peak_gib;gpu_mem_total_gib;oom_events,peak_mem/total_mem<45% AND oom_events=0; strict mode adds 20% safety headroom,7d,Canonical Signal Catalog query; Product Catalog rate_delta; Reconciler outcomes,run:ai;W&B;NVIDIA NIM,GPU memory and target GPU,compute.gpu.same-accelerator-architecture,Manifest-driven integration + health probe + signal binding + backtest,Supported if listed metrics are available in Signal Catalog; native advisor rows can be imported as normalized Findings,Downsize or use MIG slice; prod-safe threshold: require +20% stronger evidence and owner approval
BR-0101,"Unattached disk delete (AWS, standard)",Storage,Block,AWS,AWS Compute Optimizer / Cost Optimization Hub / Trusted Advisor,DeleteOrphan,P0,Very High,Low,attachment_state;age_days;monthly_cost,unattached AND age>14d AND cost>$5/mo,14d,CloudWatch; Compute Optimizer; Cost Explorer; CUR; Pricing API,CloudHealth;Cloudability,disk sku and monthly rate,storage.block.same-volume-performance-family,IAM cross-account role + CUR + CloudWatch/ComputeOptimizer read,Supported if listed metrics are available in Signal Catalog; native advisor rows can be imported as normalized Findings,Snapshot before delete if required; baseline threshold as listed
BR-0102,"Unattached disk delete (AWS, strict)",Storage,Block,AWS,AWS Compute Optimizer / Cost Optimization Hub / Trusted Advisor,DeleteOrphan,P0,Very High,Low,attachment_state;age_days;monthly_cost,unattached AND age>14d AND cost>$5/mo; strict mode adds 20% safety headroom,14d,CloudWatch; Compute Optimizer; Cost Explorer; CUR; Pricing API,CloudHealth;Cloudability,disk sku and monthly rate,storage.block.same-volume-performance-family,IAM cross-account role + CUR + CloudWatch/ComputeOptimizer read,Supported if listed metrics are available in Signal Catalog; native advisor rows can be imported as normalized Findings,Snapshot before delete if required; prod-safe threshold: require +20% stronger evidence and owner approval
BR-0103,"Unattached disk delete (Azure, standard)",Storage,Block,Azure,Azure Advisor / Azure Monitor / Cost Management,DeleteOrphan,P0,Very High,Low,attachment_state;age_days;monthly_cost,unattached AND age>14d AND cost>$5/mo,14d,Advisor API; Azure Monitor; Resource Graph; Cost Export; Retail Prices API,CloudHealth;Cloudability,disk sku and monthly rate,storage.block.same-volume-performance-family,App Registration SPN + Reader/Monitoring Reader/Cost Reader/Advisor Reader,Supported if listed metrics are available in Signal Catalog; native advisor rows can be imported as normalized Findings,Snapshot before delete if required; baseline threshold as listed
BR-0104,"Unattached disk delete (Azure, strict)",Storage,Block,Azure,Azure Advisor / Azure Monitor / Cost Management,DeleteOrphan,P0,Very High,Low,attachment_state;age_days;monthly_cost,unattached AND age>14d AND cost>$5/mo; strict mode adds 20% safety headroom,14d,Advisor API; Azure Monitor; Resource Graph; Cost Export; Retail Prices API,CloudHealth;Cloudability,disk sku and monthly rate,storage.block.same-volume-performance-family,App Registration SPN + Reader/Monitoring Reader/Cost Reader/Advisor Reader,Supported if listed metrics are available in Signal Catalog; native advisor rows can be imported as normalized Findings,Snapshot before delete if required; prod-safe threshold: require +20% stronger evidence and owner approval
BR-0105,"Unattached disk delete (GCP, standard)",Storage,Block,GCP,Google Cloud Recommender / Monitoring / Billing Export,DeleteOrphan,P0,Very High,Low,attachment_state;age_days;monthly_cost,unattached AND age>14d AND cost>$5/mo,14d,Recommender API; Cloud Monitoring; Cloud Asset Inventory; BigQuery Billing Export; Cloud Billing Catalog,CloudHealth;Cloudability,disk sku and monthly rate,storage.block.same-volume-performance-family,Service account or WIF + recommender/monitoring/asset/billing export access,Supported if listed metrics are available in Signal Catalog; native advisor rows can be imported as normalized Findings,Snapshot before delete if required; baseline threshold as listed
BR-0106,"Unattached disk delete (GCP, strict)",Storage,Block,GCP,Google Cloud Recommender / Monitoring / Billing Export,DeleteOrphan,P0,Very High,Low,attachment_state;age_days;monthly_cost,unattached AND age>14d AND cost>$5/mo; strict mode adds 20% safety headroom,14d,Recommender API; Cloud Monitoring; Cloud Asset Inventory; BigQuery Billing Export; Cloud Billing Catalog,CloudHealth;Cloudability,disk sku and monthly rate,storage.block.same-volume-performance-family,Service account or WIF + recommender/monitoring/asset/billing export access,Supported if listed metrics are available in Signal Catalog; native advisor rows can be imported as normalized Findings,Snapshot before delete if required; prod-safe threshold: require +20% stronger evidence and owner approval
BR-0107,"Unattached disk delete (SaaS, standard)",Storage,Block,SaaS,CloudHealth / Cloudability / Densify / Datadog / Kubecost / Spot.io / Flexera,DeleteOrphan,P0,Very High,Low,attachment_state;age_days;monthly_cost,unattached AND age>14d AND cost>$5/mo,14d,SaaS REST APIs; exports; webhooks; collectors,CloudHealth;Cloudability,disk sku and monthly rate,storage.block.same-volume-performance-family,API token + account/cluster/resource mapping to FinOps Signal Catalog,Supported if listed metrics are available in Signal Catalog; native advisor rows can be imported as normalized Findings,Snapshot before delete if required; baseline threshold as listed
BR-0108,"Unattached disk delete (SaaS, strict)",Storage,Block,SaaS,CloudHealth / Cloudability / Densify / Datadog / Kubecost / Spot.io / Flexera,DeleteOrphan,P0,Very High,Low,attachment_state;age_days;monthly_cost,unattached AND age>14d AND cost>$5/mo; strict mode adds 20% safety headroom,14d,SaaS REST APIs; exports; webhooks; collectors,CloudHealth;Cloudability,disk sku and monthly rate,storage.block.same-volume-performance-family,API token + account/cluster/resource mapping to FinOps Signal Catalog,Supported if listed metrics are available in Signal Catalog; native advisor rows can be imported as normalized Findings,Snapshot before delete if required; prod-safe threshold: require +20% stronger evidence and owner approval
BR-0109,"Unattached disk delete (FinOps, standard)",Storage,Block,FinOps,FinOps Basic Provider Registry + Signal Catalog,DeleteOrphan,P0,Very High,Low,attachment_state;age_days;monthly_cost,unattached AND age>14d AND cost>$5/mo,14d,Canonical Signal Catalog query; Product Catalog rate_delta; Reconciler outcomes,CloudHealth;Cloudability,disk sku and monthly rate,storage.block.same-volume-performance-family,Manifest-driven integration + health probe + signal binding + backtest,Supported if listed metrics are available in Signal Catalog; native advisor rows can be imported as normalized Findings,Snapshot before delete if required; baseline threshold as listed
BR-0110,"Unattached disk delete (FinOps, strict)",Storage,Block,FinOps,FinOps Basic Provider Registry + Signal Catalog,DeleteOrphan,P0,Very High,Low,attachment_state;age_days;monthly_cost,unattached AND age>14d AND cost>$5/mo; strict mode adds 20% safety headroom,14d,Canonical Signal Catalog query; Product Catalog rate_delta; Reconciler outcomes,CloudHealth;Cloudability,disk sku and monthly rate,storage.block.same-volume-performance-family,Manifest-driven integration + health probe + signal binding + backtest,Supported if listed metrics are available in Signal Catalog; native advisor rows can be imported as normalized Findings,Snapshot before delete if required; prod-safe threshold: require +20% stronger evidence and owner approval
BR-0111,"Premium disk underused (AWS, standard)",Storage,Block,AWS,AWS Compute Optimizer / Cost Optimization Hub / Trusted Advisor,VolumeTypeSwap,P0,High,Low,disk_tier;p95_iops;p95_throughput,premium=true;p95_iops<50% target;p95_throughput<50% target,14d,CloudWatch; Compute Optimizer; Cost Explorer; CUR; Pricing API,Densify;Cloudability,current and target disk tier rates,storage.block.same-volume-performance-family,IAM cross-account role + CUR + CloudWatch/ComputeOptimizer read,Supported if listed metrics are available in Signal Catalog; native advisor rows can be imported as normalized Findings,Swap gp2/gp3 or premium/balanced safely; baseline threshold as listed
BR-0112,"Premium disk underused (AWS, strict)",Storage,Block,AWS,AWS Compute Optimizer / Cost Optimization Hub / Trusted Advisor,VolumeTypeSwap,P0,High,Low,disk_tier;p95_iops;p95_throughput,premium=true;p95_iops<50% target;p95_throughput<50% target; strict mode adds 20% safety headroom,14d,CloudWatch; Compute Optimizer; Cost Explorer; CUR; Pricing API,Densify;Cloudability,current and target disk tier rates,storage.block.same-volume-performance-family,IAM cross-account role + CUR + CloudWatch/ComputeOptimizer read,Supported if listed metrics are available in Signal Catalog; native advisor rows can be imported as normalized Findings,Swap gp2/gp3 or premium/balanced safely; prod-safe threshold: require +20% stronger evidence and owner approval
BR-0113,"Premium disk underused (Azure, standard)",Storage,Block,Azure,Azure Advisor / Azure Monitor / Cost Management,VolumeTypeSwap,P0,High,Low,disk_tier;p95_iops;p95_throughput,premium=true;p95_iops<50% target;p95_throughput<50% target,14d,Advisor API; Azure Monitor; Resource Graph; Cost Export; Retail Prices API,Densify;Cloudability,current and target disk tier rates,storage.block.same-volume-performance-family,App Registration SPN + Reader/Monitoring Reader/Cost Reader/Advisor Reader,Supported if listed metrics are available in Signal Catalog; native advisor rows can be imported as normalized Findings,Swap gp2/gp3 or premium/balanced safely; baseline threshold as listed
BR-0114,"Premium disk underused (Azure, strict)",Storage,Block,Azure,Azure Advisor / Azure Monitor / Cost Management,VolumeTypeSwap,P0,High,Low,disk_tier;p95_iops;p95_throughput,premium=true;p95_iops<50% target;p95_throughput<50% target; strict mode adds 20% safety headroom,14d,Advisor API; Azure Monitor; Resource Graph; Cost Export; Retail Prices API,Densify;Cloudability,current and target disk tier rates,storage.block.same-volume-performance-family,App Registration SPN + Reader/Monitoring Reader/Cost Reader/Advisor Reader,Supported if listed metrics are available in Signal Catalog; native advisor rows can be imported as normalized Findings,Swap gp2/gp3 or premium/balanced safely; prod-safe threshold: require +20% stronger evidence and owner approval
BR-0115,"Premium disk underused (GCP, standard)",Storage,Block,GCP,Google Cloud Recommender / Monitoring / Billing Export,VolumeTypeSwap,P0,High,Low,disk_tier;p95_iops;p95_throughput,premium=true;p95_iops<50% target;p95_throughput<50% target,14d,Recommender API; Cloud Monitoring; Cloud Asset Inventory; BigQuery Billing Export; Cloud Billing Catalog,Densify;Cloudability,current and target disk tier rates,storage.block.same-volume-performance-family,Service account or WIF + recommender/monitoring/asset/billing export access,Supported if listed metrics are available in Signal Catalog; native advisor rows can be imported as normalized Findings,Swap gp2/gp3 or premium/balanced safely; baseline threshold as listed
BR-0116,"Premium disk underused (GCP, strict)",Storage,Block,GCP,Google Cloud Recommender / Monitoring / Billing Export,VolumeTypeSwap,P0,High,Low,disk_tier;p95_iops;p95_throughput,premium=true;p95_iops<50% target;p95_throughput<50% target; strict mode adds 20% safety headroom,14d,Recommender API; Cloud Monitoring; Cloud Asset Inventory; BigQuery Billing Export; Cloud Billing Catalog,Densify;Cloudability,current and target disk tier rates,storage.block.same-volume-performance-family,Service account or WIF + recommender/monitoring/asset/billing export access,Supported if listed metrics are available in Signal Catalog; native advisor rows can be imported as normalized Findings,Swap gp2/gp3 or premium/balanced safely; prod-safe threshold: require +20% stronger evidence and owner approval
BR-0117,"Premium disk underused (SaaS, standard)",Storage,Block,SaaS,CloudHealth / Cloudability / Densify / Datadog / Kubecost / Spot.io / Flexera,VolumeTypeSwap,P0,High,Low,disk_tier;p95_iops;p95_throughput,premium=true;p95_iops<50% target;p95_throughput<50% target,14d,SaaS REST APIs; exports; webhooks; collectors,Densify;Cloudability,current and target disk tier rates,storage.block.same-volume-performance-family,API token + account/cluster/resource mapping to FinOps Signal Catalog,Supported if listed metrics are available in Signal Catalog; native advisor rows can be imported as normalized Findings,Swap gp2/gp3 or premium/balanced safely; baseline threshold as listed
BR-0118,"Premium disk underused (SaaS, strict)",Storage,Block,SaaS,CloudHealth / Cloudability / Densify / Datadog / Kubecost / Spot.io / Flexera,VolumeTypeSwap,P0,High,Low,disk_tier;p95_iops;p95_throughput,premium=true;p95_iops<50% target;p95_throughput<50% target; strict mode adds 20% safety headroom,14d,SaaS REST APIs; exports; webhooks; collectors,Densify;Cloudability,current and target disk tier rates,storage.block.same-volume-performance-family,API token + account/cluster/resource mapping to FinOps Signal Catalog,Supported if listed metrics are available in Signal Catalog; native advisor rows can be imported as normalized Findings,Swap gp2/gp3 or premium/balanced safely; prod-safe threshold: require +20% stronger evidence and owner approval
BR-0119,"Premium disk underused (FinOps, standard)",Storage,Block,FinOps,FinOps Basic Provider Registry + Signal Catalog,VolumeTypeSwap,P0,High,Low,disk_tier;p95_iops;p95_throughput,premium=true;p95_iops<50% target;p95_throughput<50% target,14d,Canonical Signal Catalog query; Product Catalog rate_delta; Reconciler outcomes,Densify;Cloudability,current and target disk tier rates,storage.block.same-volume-performance-family,Manifest-driven integration + health probe + signal binding + backtest,Supported if listed metrics are available in Signal Catalog; native advisor rows can be imported as normalized Findings,Swap gp2/gp3 or premium/balanced safely; baseline threshold as listed
BR-0120,"Premium disk underused (FinOps, strict)",Storage,Block,FinOps,FinOps Basic Provider Registry + Signal Catalog,VolumeTypeSwap,P0,High,Low,disk_tier;p95_iops;p95_throughput,premium=true;p95_iops<50% target;p95_throughput<50% target; strict mode adds 20% safety headroom,14d,Canonical Signal Catalog query; Product Catalog rate_delta; Reconciler outcomes,Densify;Cloudability,current and target disk tier rates,storage.block.same-volume-performance-family,Manifest-driven integration + health probe + signal binding + backtest,Supported if listed metrics are available in Signal Catalog; native advisor rows can be imported as normalized Findings,Swap gp2/gp3 or premium/balanced safely; prod-safe threshold: require +20% stronger evidence and owner approval
BR-0121,"Orphan snapshot cleanup (AWS, standard)",Storage,Snapshots,AWS,AWS Compute Optimizer / Cost Optimization Hub / Trusted Advisor,DeleteOrphan,P0,High,Low,snapshot_age_days;referenced_by_image;restore_count_90d,age>90d;not referenced;restore_count=0,90d,CloudWatch; Compute Optimizer; Cost Explorer; CUR; Pricing API,CloudHealth;Cloudability,snapshot GB-month rate,storage.backup.same-snapshot-service-and-retention-policy,IAM cross-account role + CUR + CloudWatch/ComputeOptimizer read,Supported if listed metrics are available in Signal Catalog; native advisor rows can be imported as normalized Findings,Retain legal hold and backup policy tags; baseline threshold as listed
BR-0122,"Orphan snapshot cleanup (AWS, strict)",Storage,Snapshots,AWS,AWS Compute Optimizer / Cost Optimization Hub / Trusted Advisor,DeleteOrphan,P0,High,Low,snapshot_age_days;referenced_by_image;restore_count_90d,age>90d;not referenced;restore_count=0; strict mode adds 20% safety headroom,90d,CloudWatch; Compute Optimizer; Cost Explorer; CUR; Pricing API,CloudHealth;Cloudability,snapshot GB-month rate,storage.backup.same-snapshot-service-and-retention-policy,IAM cross-account role + CUR + CloudWatch/ComputeOptimizer read,Supported if listed metrics are available in Signal Catalog; native advisor rows can be imported as normalized Findings,Retain legal hold and backup policy tags; prod-safe threshold: require +20% stronger evidence and owner approval
BR-0123,"Orphan snapshot cleanup (Azure, standard)",Storage,Snapshots,Azure,Azure Advisor / Azure Monitor / Cost Management,DeleteOrphan,P0,High,Low,snapshot_age_days;referenced_by_image;restore_count_90d,age>90d;not referenced;restore_count=0,90d,Advisor API; Azure Monitor; Resource Graph; Cost Export; Retail Prices API,CloudHealth;Cloudability,snapshot GB-month rate,storage.backup.same-snapshot-service-and-retention-policy,App Registration SPN + Reader/Monitoring Reader/Cost Reader/Advisor Reader,Supported if listed metrics are available in Signal Catalog; native advisor rows can be imported as normalized Findings,Retain legal hold and backup policy tags; baseline threshold as listed
BR-0124,"Orphan snapshot cleanup (Azure, strict)",Storage,Snapshots,Azure,Azure Advisor / Azure Monitor / Cost Management,DeleteOrphan,P0,High,Low,snapshot_age_days;referenced_by_image;restore_count_90d,age>90d;not referenced;restore_count=0; strict mode adds 20% safety headroom,90d,Advisor API; Azure Monitor; Resource Graph; Cost Export; Retail Prices API,CloudHealth;Cloudability,snapshot GB-month rate,storage.backup.same-snapshot-service-and-retention-policy,App Registration SPN + Reader/Monitoring Reader/Cost Reader/Advisor Reader,Supported if listed metrics are available in Signal Catalog; native advisor rows can be imported as normalized Findings,Retain legal hold and backup policy tags; prod-safe threshold: require +20% stronger evidence and owner approval
BR-0125,"Orphan snapshot cleanup (GCP, standard)",Storage,Snapshots,GCP,Google Cloud Recommender / Monitoring / Billing Export,DeleteOrphan,P0,High,Low,snapshot_age_days;referenced_by_image;restore_count_90d,age>90d;not referenced;restore_count=0,90d,Recommender API; Cloud Monitoring; Cloud Asset Inventory; BigQuery Billing Export; Cloud Billing Catalog,CloudHealth;Cloudability,snapshot GB-month rate,storage.backup.same-snapshot-service-and-retention-policy,Service account or WIF + recommender/monitoring/asset/billing export access,Supported if listed metrics are available in Signal Catalog; native advisor rows can be imported as normalized Findings,Retain legal hold and backup policy tags; baseline threshold as listed
BR-0126,"Orphan snapshot cleanup (GCP, strict)",Storage,Snapshots,GCP,Google Cloud Recommender / Monitoring / Billing Export,DeleteOrphan,P0,High,Low,snapshot_age_days;referenced_by_image;restore_count_90d,age>90d;not referenced;restore_count=0; strict mode adds 20% safety headroom,90d,Recommender API; Cloud Monitoring; Cloud Asset Inventory; BigQuery Billing Export; Cloud Billing Catalog,CloudHealth;Cloudability,snapshot GB-month rate,storage.backup.same-snapshot-service-and-retention-policy,Service account or WIF + recommender/monitoring/asset/billing export access,Supported if listed metrics are available in Signal Catalog; native advisor rows can be imported as normalized Findings,Retain legal hold and backup policy tags; prod-safe threshold: require +20% stronger evidence and owner approval
BR-0127,"Orphan snapshot cleanup (SaaS, standard)",Storage,Snapshots,SaaS,CloudHealth / Cloudability / Densify / Datadog / Kubecost / Spot.io / Flexera,DeleteOrphan,P0,High,Low,snapshot_age_days;referenced_by_image;restore_count_90d,age>90d;not referenced;restore_count=0,90d,SaaS REST APIs; exports; webhooks; collectors,CloudHealth;Cloudability,snapshot GB-month rate,storage.backup.same-snapshot-service-and-retention-policy,API token + account/cluster/resource mapping to FinOps Signal Catalog,Supported if listed metrics are available in Signal Catalog; native advisor rows can be imported as normalized Findings,Retain legal hold and backup policy tags; baseline threshold as listed
BR-0128,"Orphan snapshot cleanup (SaaS, strict)",Storage,Snapshots,SaaS,CloudHealth / Cloudability / Densify / Datadog / Kubecost / Spot.io / Flexera,DeleteOrphan,P0,High,Low,snapshot_age_days;referenced_by_image;restore_count_90d,age>90d;not referenced;restore_count=0; strict mode adds 20% safety headroom,90d,SaaS REST APIs; exports; webhooks; collectors,CloudHealth;Cloudability,snapshot GB-month rate,storage.backup.same-snapshot-service-and-retention-policy,API token + account/cluster/resource mapping to FinOps Signal Catalog,Supported if listed metrics are available in Signal Catalog; native advisor rows can be imported as normalized Findings,Retain legal hold and backup policy tags; prod-safe threshold: require +20% stronger evidence and owner approval
BR-0129,"Orphan snapshot cleanup (FinOps, standard)",Storage,Snapshots,FinOps,FinOps Basic Provider Registry + Signal Catalog,DeleteOrphan,P0,High,Low,snapshot_age_days;referenced_by_image;restore_count_90d,age>90d;not referenced;restore_count=0,90d,Canonical Signal Catalog query; Product Catalog rate_delta; Reconciler outcomes,CloudHealth;Cloudability,snapshot GB-month rate,storage.backup.same-snapshot-service-and-retention-policy,Manifest-driven integration + health probe + signal binding + backtest,Supported if listed metrics are available in Signal Catalog; native advisor rows can be imported as normalized Findings,Retain legal hold and backup policy tags; baseline threshold as listed
BR-0130,"Orphan snapshot cleanup (FinOps, strict)",Storage,Snapshots,FinOps,FinOps Basic Provider Registry + Signal Catalog,DeleteOrphan,P0,High,Low,snapshot_age_days;referenced_by_image;restore_count_90d,age>90d;not referenced;restore_count=0; strict mode adds 20% safety headroom,90d,Canonical Signal Catalog query; Product Catalog rate_delta; Reconciler outcomes,CloudHealth;Cloudability,snapshot GB-month rate,storage.backup.same-snapshot-service-and-retention-policy,Manifest-driven integration + health probe + signal binding + backtest,Supported if listed metrics are available in Signal Catalog; native advisor rows can be imported as normalized Findings,Retain legal hold and backup policy tags; prod-safe threshold: require +20% stronger evidence and owner approval
BR-0131,"Lifecycle transition to infrequent tier (AWS, standard)",Storage,Object,AWS,AWS Compute Optimizer / Cost Optimization Hub / Trusted Advisor,TierMove,P0,Very High,Low,last_access_days;object_size_gib;current_tier,last_access>30d;size>1GiB;tier=hot/standard,30d,CloudWatch; Compute Optimizer; Cost Explorer; CUR; Pricing API,CloudHealth;Cloudability,hot/cool/archive GB rates and retrieval fees,storage.object.same-bucket-storage-class-policy,IAM cross-account role + CUR + CloudWatch/ComputeOptimizer read,Supported if listed metrics are available in Signal Catalog; native advisor rows can be imported as normalized Findings,Check retrieval penalty; baseline threshold as listed
BR-0132,"Lifecycle transition to infrequent tier (AWS, strict)",Storage,Object,AWS,AWS Compute Optimizer / Cost Optimization Hub / Trusted Advisor,TierMove,P0,Very High,Low,last_access_days;object_size_gib;current_tier,last_access>30d;size>1GiB;tier=hot/standard; strict mode adds 20% safety headroom,30d,CloudWatch; Compute Optimizer; Cost Explorer; CUR; Pricing API,CloudHealth;Cloudability,hot/cool/archive GB rates and retrieval fees,storage.object.same-bucket-storage-class-policy,IAM cross-account role + CUR + CloudWatch/ComputeOptimizer read,Supported if listed metrics are available in Signal Catalog; native advisor rows can be imported as normalized Findings,Check retrieval penalty; prod-safe threshold: require +20% stronger evidence and owner approval
BR-0133,"Lifecycle transition to infrequent tier (Azure, standard)",Storage,Object,Azure,Azure Advisor / Azure Monitor / Cost Management,TierMove,P0,Very High,Low,last_access_days;object_size_gib;current_tier,last_access>30d;size>1GiB;tier=hot/standard,30d,Advisor API; Azure Monitor; Resource Graph; Cost Export; Retail Prices API,CloudHealth;Cloudability,hot/cool/archive GB rates and retrieval fees,storage.object.same-bucket-storage-class-policy,App Registration SPN + Reader/Monitoring Reader/Cost Reader/Advisor Reader,Supported if listed metrics are available in Signal Catalog; native advisor rows can be imported as normalized Findings,Check retrieval penalty; baseline threshold as listed
BR-0134,"Lifecycle transition to infrequent tier (Azure, strict)",Storage,Object,Azure,Azure Advisor / Azure Monitor / Cost Management,TierMove,P0,Very High,Low,last_access_days;object_size_gib;current_tier,last_access>30d;size>1GiB;tier=hot/standard; strict mode adds 20% safety headroom,30d,Advisor API; Azure Monitor; Resource Graph; Cost Export; Retail Prices API,CloudHealth;Cloudability,hot/cool/archive GB rates and retrieval fees,storage.object.same-bucket-storage-class-policy,App Registration SPN + Reader/Monitoring Reader/Cost Reader/Advisor Reader,Supported if listed metrics are available in Signal Catalog; native advisor rows can be imported as normalized Findings,Check retrieval penalty; prod-safe threshold: require +20% stronger evidence and owner approval
BR-0135,"Lifecycle transition to infrequent tier (GCP, standard)",Storage,Object,GCP,Google Cloud Recommender / Monitoring / Billing Export,TierMove,P0,Very High,Low,last_access_days;object_size_gib;current_tier,last_access>30d;size>1GiB;tier=hot/standard,30d,Recommender API; Cloud Monitoring; Cloud Asset Inventory; BigQuery Billing Export; Cloud Billing Catalog,CloudHealth;Cloudability,hot/cool/archive GB rates and retrieval fees,storage.object.same-bucket-storage-class-policy,Service account or WIF + recommender/monitoring/asset/billing export access,Supported if listed metrics are available in Signal Catalog; native advisor rows can be imported as normalized Findings,Check retrieval penalty; baseline threshold as listed
BR-0136,"Lifecycle transition to infrequent tier (GCP, strict)",Storage,Object,GCP,Google Cloud Recommender / Monitoring / Billing Export,TierMove,P0,Very High,Low,last_access_days;object_size_gib;current_tier,last_access>30d;size>1GiB;tier=hot/standard; strict mode adds 20% safety headroom,30d,Recommender API; Cloud Monitoring; Cloud Asset Inventory; BigQuery Billing Export; Cloud Billing Catalog,CloudHealth;Cloudability,hot/cool/archive GB rates and retrieval fees,storage.object.same-bucket-storage-class-policy,Service account or WIF + recommender/monitoring/asset/billing export access,Supported if listed metrics are available in Signal Catalog; native advisor rows can be imported as normalized Findings,Check retrieval penalty; prod-safe threshold: require +20% stronger evidence and owner approval
BR-0137,"Lifecycle transition to infrequent tier (SaaS, standard)",Storage,Object,SaaS,CloudHealth / Cloudability / Densify / Datadog / Kubecost / Spot.io / Flexera,TierMove,P0,Very High,Low,last_access_days;object_size_gib;current_tier,last_access>30d;size>1GiB;tier=hot/standard,30d,SaaS REST APIs; exports; webhooks; collectors,CloudHealth;Cloudability,hot/cool/archive GB rates and retrieval fees,storage.object.same-bucket-storage-class-policy,API token + account/cluster/resource mapping to FinOps Signal Catalog,Supported if listed metrics are available in Signal Catalog; native advisor rows can be imported as normalized Findings,Check retrieval penalty; baseline threshold as listed
BR-0138,"Lifecycle transition to infrequent tier (SaaS, strict)",Storage,Object,SaaS,CloudHealth / Cloudability / Densify / Datadog / Kubecost / Spot.io / Flexera,TierMove,P0,Very High,Low,last_access_days;object_size_gib;current_tier,last_access>30d;size>1GiB;tier=hot/standard; strict mode adds 20% safety headroom,30d,SaaS REST APIs; exports; webhooks; collectors,CloudHealth;Cloudability,hot/cool/archive GB rates and retrieval fees,storage.object.same-bucket-storage-class-policy,API token + account/cluster/resource mapping to FinOps Signal Catalog,Supported if listed metrics are available in Signal Catalog; native advisor rows can be imported as normalized Findings,Check retrieval penalty; prod-safe threshold: require +20% stronger evidence and owner approval
BR-0139,"Lifecycle transition to infrequent tier (FinOps, standard)",Storage,Object,FinOps,FinOps Basic Provider Registry + Signal Catalog,TierMove,P0,Very High,Low,last_access_days;object_size_gib;current_tier,last_access>30d;size>1GiB;tier=hot/standard,30d,Canonical Signal Catalog query; Product Catalog rate_delta; Reconciler outcomes,CloudHealth;Cloudability,hot/cool/archive GB rates and retrieval fees,storage.object.same-bucket-storage-class-policy,Manifest-driven integration + health probe + signal binding + backtest,Supported if listed metrics are available in Signal Catalog; native advisor rows can be imported as normalized Findings,Check retrieval penalty; baseline threshold as listed
BR-0140,"Lifecycle transition to infrequent tier (FinOps, strict)",Storage,Object,FinOps,FinOps Basic Provider Registry + Signal Catalog,TierMove,P0,Very High,Low,last_access_days;object_size_gib;current_tier,last_access>30d;size>1GiB;tier=hot/standard; strict mode adds 20% safety headroom,30d,Canonical Signal Catalog query; Product Catalog rate_delta; Reconciler outcomes,CloudHealth;Cloudability,hot/cool/archive GB rates and retrieval fees,storage.object.same-bucket-storage-class-policy,Manifest-driven integration + health probe + signal binding + backtest,Supported if listed metrics are available in Signal Catalog; native advisor rows can be imported as normalized Findings,Check retrieval penalty; prod-safe threshold: require +20% stronger evidence and owner approval
BR-0141,"Model checkpoint storage bloat (AWS, standard)",Storage,AI Artifacts,AWS,AWS Compute Optimizer / Cost Optimization Hub / Trusted Advisor,TierMove,P0,High,Low,checkpoint_count;checkpoint_total_gib;last_access_days,checkpoint_count>5 AND last_access>7d,7d,CloudWatch; Compute Optimizer; Cost Explorer; CUR; Pricing API,W&B;MLflow;DVC,object storage tier rates,ai.artifact.same-format-storage-and-retention-policy,IAM cross-account role + CUR + CloudWatch/ComputeOptimizer read,Supported if listed metrics are available in Signal Catalog; native advisor rows can be imported as normalized Findings,From attached AI CostVars Layer 2; baseline threshold as listed
BR-0142,"Model checkpoint storage bloat (AWS, strict)",Storage,AI Artifacts,AWS,AWS Compute Optimizer / Cost Optimization Hub / Trusted Advisor,TierMove,P0,High,Low,checkpoint_count;checkpoint_total_gib;last_access_days,checkpoint_count>5 AND last_access>7d; strict mode adds 20% safety headroom,7d,CloudWatch; Compute Optimizer; Cost Explorer; CUR; Pricing API,W&B;MLflow;DVC,object storage tier rates,ai.artifact.same-format-storage-and-retention-policy,IAM cross-account role + CUR + CloudWatch/ComputeOptimizer read,Supported if listed metrics are available in Signal Catalog; native advisor rows can be imported as normalized Findings,From attached AI CostVars Layer 2; prod-safe threshold: require +20% stronger evidence and owner approval
BR-0143,"Model checkpoint storage bloat (Azure, standard)",Storage,AI Artifacts,Azure,Azure Advisor / Azure Monitor / Cost Management,TierMove,P0,High,Low,checkpoint_count;checkpoint_total_gib;last_access_days,checkpoint_count>5 AND last_access>7d,7d,Advisor API; Azure Monitor; Resource Graph; Cost Export; Retail Prices API,W&B;MLflow;DVC,object storage tier rates,ai.artifact.same-format-storage-and-retention-policy,App Registration SPN + Reader/Monitoring Reader/Cost Reader/Advisor Reader,Supported if listed metrics are available in Signal Catalog; native advisor rows can be imported as normalized Findings,From attached AI CostVars Layer 2; baseline threshold as listed
BR-0144,"Model checkpoint storage bloat (Azure, strict)",Storage,AI Artifacts,Azure,Azure Advisor / Azure Monitor / Cost Management,TierMove,P0,High,Low,checkpoint_count;checkpoint_total_gib;last_access_days,checkpoint_count>5 AND last_access>7d; strict mode adds 20% safety headroom,7d,Advisor API; Azure Monitor; Resource Graph; Cost Export; Retail Prices API,W&B;MLflow;DVC,object storage tier rates,ai.artifact.same-format-storage-and-retention-policy,App Registration SPN + Reader/Monitoring Reader/Cost Reader/Advisor Reader,Supported if listed metrics are available in Signal Catalog; native advisor rows can be imported as normalized Findings,From attached AI CostVars Layer 2; prod-safe threshold: require +20% stronger evidence and owner approval
BR-0145,"Model checkpoint storage bloat (GCP, standard)",Storage,AI Artifacts,GCP,Google Cloud Recommender / Monitoring / Billing Export,TierMove,P0,High,Low,checkpoint_count;checkpoint_total_gib;last_access_days,checkpoint_count>5 AND last_access>7d,7d,Recommender API; Cloud Monitoring; Cloud Asset Inventory; BigQuery Billing Export; Cloud Billing Catalog,W&B;MLflow;DVC,object storage tier rates,ai.artifact.same-format-storage-and-retention-policy,Service account or WIF + recommender/monitoring/asset/billing export access,Supported if listed metrics are available in Signal Catalog; native advisor rows can be imported as normalized Findings,From attached AI CostVars Layer 2; baseline threshold as listed
BR-0146,"Model checkpoint storage bloat (GCP, strict)",Storage,AI Artifacts,GCP,Google Cloud Recommender / Monitoring / Billing Export,TierMove,P0,High,Low,checkpoint_count;checkpoint_total_gib;last_access_days,checkpoint_count>5 AND last_access>7d; strict mode adds 20% safety headroom,7d,Recommender API; Cloud Monitoring; Cloud Asset Inventory; BigQuery Billing Export; Cloud Billing Catalog,W&B;MLflow;DVC,object storage tier rates,ai.artifact.same-format-storage-and-retention-policy,Service account or WIF + recommender/monitoring/asset/billing export access,Supported if listed metrics are available in Signal Catalog; native advisor rows can be imported as normalized Findings,From attached AI CostVars Layer 2; prod-safe threshold: require +20% stronger evidence and owner approval
BR-0147,"Model checkpoint storage bloat (SaaS, standard)",Storage,AI Artifacts,SaaS,CloudHealth / Cloudability / Densify / Datadog / Kubecost / Spot.io / Flexera,TierMove,P0,High,Low,checkpoint_count;checkpoint_total_gib;last_access_days,checkpoint_count>5 AND last_access>7d,7d,SaaS REST APIs; exports; webhooks; collectors,W&B;MLflow;DVC,object storage tier rates,ai.artifact.same-format-storage-and-retention-policy,API token + account/cluster/resource mapping to FinOps Signal Catalog,Supported if listed metrics are available in Signal Catalog; native advisor rows can be imported as normalized Findings,From attached AI CostVars Layer 2; baseline threshold as listed
BR-0148,"Model checkpoint storage bloat (SaaS, strict)",Storage,AI Artifacts,SaaS,CloudHealth / Cloudability / Densify / Datadog / Kubecost / Spot.io / Flexera,TierMove,P0,High,Low,checkpoint_count;checkpoint_total_gib;last_access_days,checkpoint_count>5 AND last_access>7d; strict mode adds 20% safety headroom,7d,SaaS REST APIs; exports; webhooks; collectors,W&B;MLflow;DVC,object storage tier rates,ai.artifact.same-format-storage-and-retention-policy,API token + account/cluster/resource mapping to FinOps Signal Catalog,Supported if listed metrics are available in Signal Catalog; native advisor rows can be imported as normalized Findings,From attached AI CostVars Layer 2; prod-safe threshold: require +20% stronger evidence and owner approval
BR-0149,"Model checkpoint storage bloat (FinOps, standard)",Storage,AI Artifacts,FinOps,FinOps Basic Provider Registry + Signal Catalog,TierMove,P0,High,Low,checkpoint_count;checkpoint_total_gib;last_access_days,checkpoint_count>5 AND last_access>7d,7d,Canonical Signal Catalog query; Product Catalog rate_delta; Reconciler outcomes,W&B;MLflow;DVC,object storage tier rates,ai.artifact.same-format-storage-and-retention-policy,Manifest-driven integration + health probe + signal binding + backtest,Supported if listed metrics are available in Signal Catalog; native advisor rows can be imported as normalized Findings,From attached AI CostVars Layer 2; baseline threshold as listed
BR-0150,"Model checkpoint storage bloat (FinOps, strict)",Storage,AI Artifacts,FinOps,FinOps Basic Provider Registry + Signal Catalog,TierMove,P0,High,Low,checkpoint_count;checkpoint_total_gib;last_access_days,checkpoint_count>5 AND last_access>7d; strict mode adds 20% safety headroom,7d,Canonical Signal Catalog query; Product Catalog rate_delta; Reconciler outcomes,W&B;MLflow;DVC,object storage tier rates,ai.artifact.same-format-storage-and-retention-policy,Manifest-driven integration + health probe + signal binding + backtest,Supported if listed metrics are available in Signal Catalog; native advisor rows can be imported as normalized Findings,From attached AI CostVars Layer 2; prod-safe threshold: require +20% stronger evidence and owner approval
BR-0151,"Idle database instance (AWS, standard)",Database,RDS/SQL,AWS,AWS Compute Optimizer / Cost Optimization Hub / Trusted Advisor,Shutdown,P0,Very High,Medium,cpu_pct;connection_count;iops,avg_cpu<5%;connections<2;iops<10,14d,CloudWatch; Compute Optimizer; Cost Explorer; CUR; Pricing API,Densify;CloudHealth,db instance hourly rate; storage retained,data.managed-service.same-engine-edition-and-ha-model,IAM cross-account role + CUR + CloudWatch/ComputeOptimizer read,Supported if listed metrics are available in Signal Catalog; native advisor rows can be imported as normalized Findings,Stop where supported; snapshot before delete; baseline threshold as listed
BR-0152,"Idle database instance (AWS, strict)",Database,RDS/SQL,AWS,AWS Compute Optimizer / Cost Optimization Hub / Trusted Advisor,Shutdown,P0,Very High,Medium,cpu_pct;connection_count;iops,avg_cpu<5%;connections<2;iops<10; strict mode adds 20% safety headroom,14d,CloudWatch; Compute Optimizer; Cost Explorer; CUR; Pricing API,Densify;CloudHealth,db instance hourly rate; storage retained,data.managed-service.same-engine-edition-and-ha-model,IAM cross-account role + CUR + CloudWatch/ComputeOptimizer read,Supported if listed metrics are available in Signal Catalog; native advisor rows can be imported as normalized Findings,Stop where supported; snapshot before delete; prod-safe threshold: require +20% stronger evidence and owner approval
BR-0153,"Idle database instance (Azure, standard)",Database,RDS/SQL,Azure,Azure Advisor / Azure Monitor / Cost Management,Shutdown,P0,Very High,Medium,cpu_pct;connection_count;iops,avg_cpu<5%;connections<2;iops<10,14d,Advisor API; Azure Monitor; Resource Graph; Cost Export; Retail Prices API,Densify;CloudHealth,db instance hourly rate; storage retained,data.managed-service.same-engine-edition-and-ha-model,App Registration SPN + Reader/Monitoring Reader/Cost Reader/Advisor Reader,Supported if listed metrics are available in Signal Catalog; native advisor rows can be imported as normalized Findings,Stop where supported; snapshot before delete; baseline threshold as listed
BR-0154,"Idle database instance (Azure, strict)",Database,RDS/SQL,Azure,Azure Advisor / Azure Monitor / Cost Management,Shutdown,P0,Very High,Medium,cpu_pct;connection_count;iops,avg_cpu<5%;connections<2;iops<10; strict mode adds 20% safety headroom,14d,Advisor API; Azure Monitor; Resource Graph; Cost Export; Retail Prices API,Densify;CloudHealth,db instance hourly rate; storage retained,data.managed-service.same-engine-edition-and-ha-model,App Registration SPN + Reader/Monitoring Reader/Cost Reader/Advisor Reader,Supported if listed metrics are available in Signal Catalog; native advisor rows can be imported as normalized Findings,Stop where supported; snapshot before delete; prod-safe threshold: require +20% stronger evidence and owner approval
BR-0155,"Idle database instance (GCP, standard)",Database,RDS/SQL,GCP,Google Cloud Recommender / Monitoring / Billing Export,Shutdown,P0,Very High,Medium,cpu_pct;connection_count;iops,avg_cpu<5%;connections<2;iops<10,14d,Recommender API; Cloud Monitoring; Cloud Asset Inventory; BigQuery Billing Export; Cloud Billing Catalog,Densify;CloudHealth,db instance hourly rate; storage retained,data.managed-service.same-engine-edition-and-ha-model,Service account or WIF + recommender/monitoring/asset/billing export access,Supported if listed metrics are available in Signal Catalog; native advisor rows can be imported as normalized Findings,Stop where supported; snapshot before delete; baseline threshold as listed
BR-0156,"Idle database instance (GCP, strict)",Database,RDS/SQL,GCP,Google Cloud Recommender / Monitoring / Billing Export,Shutdown,P0,Very High,Medium,cpu_pct;connection_count;iops,avg_cpu<5%;connections<2;iops<10; strict mode adds 20% safety headroom,14d,Recommender API; Cloud Monitoring; Cloud Asset Inventory; BigQuery Billing Export; Cloud Billing Catalog,Densify;CloudHealth,db instance hourly rate; storage retained,data.managed-service.same-engine-edition-and-ha-model,Service account or WIF + recommender/monitoring/asset/billing export access,Supported if listed metrics are available in Signal Catalog; native advisor rows can be imported as normalized Findings,Stop where supported; snapshot before delete; prod-safe threshold: require +20% stronger evidence and owner approval
BR-0157,"Idle database instance (SaaS, standard)",Database,RDS/SQL,SaaS,CloudHealth / Cloudability / Densify / Datadog / Kubecost / Spot.io / Flexera,Shutdown,P0,Very High,Medium,cpu_pct;connection_count;iops,avg_cpu<5%;connections<2;iops<10,14d,SaaS REST APIs; exports; webhooks; collectors,Densify;CloudHealth,db instance hourly rate; storage retained,data.managed-service.same-engine-edition-and-ha-model,API token + account/cluster/resource mapping to FinOps Signal Catalog,Supported if listed metrics are available in Signal Catalog; native advisor rows can be imported as normalized Findings,Stop where supported; snapshot before delete; baseline threshold as listed
BR-0158,"Idle database instance (SaaS, strict)",Database,RDS/SQL,SaaS,CloudHealth / Cloudability / Densify / Datadog / Kubecost / Spot.io / Flexera,Shutdown,P0,Very High,Medium,cpu_pct;connection_count;iops,avg_cpu<5%;connections<2;iops<10; strict mode adds 20% safety headroom,14d,SaaS REST APIs; exports; webhooks; collectors,Densify;CloudHealth,db instance hourly rate; storage retained,data.managed-service.same-engine-edition-and-ha-model,API token + account/cluster/resource mapping to FinOps Signal Catalog,Supported if listed metrics are available in Signal Catalog; native advisor rows can be imported as normalized Findings,Stop where supported; snapshot before delete; prod-safe threshold: require +20% stronger evidence and owner approval
BR-0159,"Idle database instance (FinOps, standard)",Database,RDS/SQL,FinOps,FinOps Basic Provider Registry + Signal Catalog,Shutdown,P0,Very High,Medium,cpu_pct;connection_count;iops,avg_cpu<5%;connections<2;iops<10,14d,Canonical Signal Catalog query; Product Catalog rate_delta; Reconciler outcomes,Densify;CloudHealth,db instance hourly rate; storage retained,data.managed-service.same-engine-edition-and-ha-model,Manifest-driven integration + health probe + signal binding + backtest,Supported if listed metrics are available in Signal Catalog; native advisor rows can be imported as normalized Findings,Stop where supported; snapshot before delete; baseline threshold as listed
BR-0160,"Idle database instance (FinOps, strict)",Database,RDS/SQL,FinOps,FinOps Basic Provider Registry + Signal Catalog,Shutdown,P0,Very High,Medium,cpu_pct;connection_count;iops,avg_cpu<5%;connections<2;iops<10; strict mode adds 20% safety headroom,14d,Canonical Signal Catalog query; Product Catalog rate_delta; Reconciler outcomes,Densify;CloudHealth,db instance hourly rate; storage retained,data.managed-service.same-engine-edition-and-ha-model,Manifest-driven integration + health probe + signal binding + backtest,Supported if listed metrics are available in Signal Catalog; native advisor rows can be imported as normalized Findings,Stop where supported; snapshot before delete; prod-safe threshold: require +20% stronger evidence and owner approval
BR-0161,"Database rightsize down (AWS, standard)",Database,RDS/SQL,AWS,AWS Compute Optimizer / Cost Optimization Hub / Trusted Advisor,RightsizeSku,P0,High,Medium,p95_cpu_pct;p95_memory_pct;p95_iops_pct,p95_cpu<40%;p95_mem<70%;p95_iops<60%,14d,CloudWatch; Compute Optimizer; Cost Explorer; CUR; Pricing API,Densify;Cloudability,current and target db class rates,data.managed-service.same-engine-edition-and-ha-model,IAM cross-account role + CUR + CloudWatch/ComputeOptimizer read,Supported if listed metrics are available in Signal Catalog; native advisor rows can be imported as normalized Findings,Preserve HA and engine compatibility; baseline threshold as listed
BR-0162,"Database rightsize down (AWS, strict)",Database,RDS/SQL,AWS,AWS Compute Optimizer / Cost Optimization Hub / Trusted Advisor,RightsizeSku,P0,High,Medium,p95_cpu_pct;p95_memory_pct;p95_iops_pct,p95_cpu<40%;p95_mem<70%;p95_iops<60%; strict mode adds 20% safety headroom,14d,CloudWatch; Compute Optimizer; Cost Explorer; CUR; Pricing API,Densify;Cloudability,current and target db class rates,data.managed-service.same-engine-edition-and-ha-model,IAM cross-account role + CUR + CloudWatch/ComputeOptimizer read,Supported if listed metrics are available in Signal Catalog; native advisor rows can be imported as normalized Findings,Preserve HA and engine compatibility; prod-safe threshold: require +20% stronger evidence and owner approval
BR-0163,"Database rightsize down (Azure, standard)",Database,RDS/SQL,Azure,Azure Advisor / Azure Monitor / Cost Management,RightsizeSku,P0,High,Medium,p95_cpu_pct;p95_memory_pct;p95_iops_pct,p95_cpu<40%;p95_mem<70%;p95_iops<60%,14d,Advisor API; Azure Monitor; Resource Graph; Cost Export; Retail Prices API,Densify;Cloudability,current and target db class rates,data.managed-service.same-engine-edition-and-ha-model,App Registration SPN + Reader/Monitoring Reader/Cost Reader/Advisor Reader,Supported if listed metrics are available in Signal Catalog; native advisor rows can be imported as normalized Findings,Preserve HA and engine compatibility; baseline threshold as listed
BR-0164,"Database rightsize down (Azure, strict)",Database,RDS/SQL,Azure,Azure Advisor / Azure Monitor / Cost Management,RightsizeSku,P0,High,Medium,p95_cpu_pct;p95_memory_pct;p95_iops_pct,p95_cpu<40%;p95_mem<70%;p95_iops<60%; strict mode adds 20% safety headroom,14d,Advisor API; Azure Monitor; Resource Graph; Cost Export; Retail Prices API,Densify;Cloudability,current and target db class rates,data.managed-service.same-engine-edition-and-ha-model,App Registration SPN + Reader/Monitoring Reader/Cost Reader/Advisor Reader,Supported if listed metrics are available in Signal Catalog; native advisor rows can be imported as normalized Findings,Preserve HA and engine compatibility; prod-safe threshold: require +20% stronger evidence and owner approval
BR-0165,"Database rightsize down (GCP, standard)",Database,RDS/SQL,GCP,Google Cloud Recommender / Monitoring / Billing Export,RightsizeSku,P0,High,Medium,p95_cpu_pct;p95_memory_pct;p95_iops_pct,p95_cpu<40%;p95_mem<70%;p95_iops<60%,14d,Recommender API; Cloud Monitoring; Cloud Asset Inventory; BigQuery Billing Export; Cloud Billing Catalog,Densify;Cloudability,current and target db class rates,data.managed-service.same-engine-edition-and-ha-model,Service account or WIF + recommender/monitoring/asset/billing export access,Supported if listed metrics are available in Signal Catalog; native advisor rows can be imported as normalized Findings,Preserve HA and engine compatibility; baseline threshold as listed
BR-0166,"Database rightsize down (GCP, strict)",Database,RDS/SQL,GCP,Google Cloud Recommender / Monitoring / Billing Export,RightsizeSku,P0,High,Medium,p95_cpu_pct;p95_memory_pct;p95_iops_pct,p95_cpu<40%;p95_mem<70%;p95_iops<60%; strict mode adds 20% safety headroom,14d,Recommender API; Cloud Monitoring; Cloud Asset Inventory; BigQuery Billing Export; Cloud Billing Catalog,Densify;Cloudability,current and target db class rates,data.managed-service.same-engine-edition-and-ha-model,Service account or WIF + recommender/monitoring/asset/billing export access,Supported if listed metrics are available in Signal Catalog; native advisor rows can be imported as normalized Findings,Preserve HA and engine compatibility; prod-safe threshold: require +20% stronger evidence and owner approval
BR-0167,"Database rightsize down (SaaS, standard)",Database,RDS/SQL,SaaS,CloudHealth / Cloudability / Densify / Datadog / Kubecost / Spot.io / Flexera,RightsizeSku,P0,High,Medium,p95_cpu_pct;p95_memory_pct;p95_iops_pct,p95_cpu<40%;p95_mem<70%;p95_iops<60%,14d,SaaS REST APIs; exports; webhooks; collectors,Densify;Cloudability,current and target db class rates,data.managed-service.same-engine-edition-and-ha-model,API token + account/cluster/resource mapping to FinOps Signal Catalog,Supported if listed metrics are available in Signal Catalog; native advisor rows can be imported as normalized Findings,Preserve HA and engine compatibility; baseline threshold as listed
BR-0168,"Database rightsize down (SaaS, strict)",Database,RDS/SQL,SaaS,CloudHealth / Cloudability / Densify / Datadog / Kubecost / Spot.io / Flexera,RightsizeSku,P0,High,Medium,p95_cpu_pct;p95_memory_pct;p95_iops_pct,p95_cpu<40%;p95_mem<70%;p95_iops<60%; strict mode adds 20% safety headroom,14d,SaaS REST APIs; exports; webhooks; collectors,Densify;Cloudability,current and target db class rates,data.managed-service.same-engine-edition-and-ha-model,API token + account/cluster/resource mapping to FinOps Signal Catalog,Supported if listed metrics are available in Signal Catalog; native advisor rows can be imported as normalized Findings,Preserve HA and engine compatibility; prod-safe threshold: require +20% stronger evidence and owner approval
BR-0169,"Database rightsize down (FinOps, standard)",Database,RDS/SQL,FinOps,FinOps Basic Provider Registry + Signal Catalog,RightsizeSku,P0,High,Medium,p95_cpu_pct;p95_memory_pct;p95_iops_pct,p95_cpu<40%;p95_mem<70%;p95_iops<60%,14d,Canonical Signal Catalog query; Product Catalog rate_delta; Reconciler outcomes,Densify;Cloudability,current and target db class rates,data.managed-service.same-engine-edition-and-ha-model,Manifest-driven integration + health probe + signal binding + backtest,Supported if listed metrics are available in Signal Catalog; native advisor rows can be imported as normalized Findings,Preserve HA and engine compatibility; baseline threshold as listed
BR-0170,"Database rightsize down (FinOps, strict)",Database,RDS/SQL,FinOps,FinOps Basic Provider Registry + Signal Catalog,RightsizeSku,P0,High,Medium,p95_cpu_pct;p95_memory_pct;p95_iops_pct,p95_cpu<40%;p95_mem<70%;p95_iops<60%; strict mode adds 20% safety headroom,14d,Canonical Signal Catalog query; Product Catalog rate_delta; Reconciler outcomes,Densify;Cloudability,current and target db class rates,data.managed-service.same-engine-edition-and-ha-model,Manifest-driven integration + health probe + signal binding + backtest,Supported if listed metrics are available in Signal Catalog; native advisor rows can be imported as normalized Findings,Preserve HA and engine compatibility; prod-safe threshold: require +20% stronger evidence and owner approval
BR-0171,"Overprovisioned throughput (AWS, standard)",Database,NoSQL,AWS,AWS Compute Optimizer / Cost Optimization Hub / Trusted Advisor,RightsizeSku,P0,High,Low,consumed_units;provisioned_units;throttles,p95_consumed<35% provisioned AND throttles=0,14d,CloudWatch; Compute Optimizer; Cost Explorer; CUR; Pricing API,Cloudability,provisioned vs on-demand throughput rates,data.managed-service.same-engine-edition-and-ha-model,IAM cross-account role + CUR + CloudWatch/ComputeOptimizer read,Supported if listed metrics are available in Signal Catalog; native advisor rows can be imported as normalized Findings,Switch to autoscale/on-demand when cheaper; baseline threshold as listed
BR-0172,"Overprovisioned throughput (AWS, strict)",Database,NoSQL,AWS,AWS Compute Optimizer / Cost Optimization Hub / Trusted Advisor,RightsizeSku,P0,High,Low,consumed_units;provisioned_units;throttles,p95_consumed<35% provisioned AND throttles=0; strict mode adds 20% safety headroom,14d,CloudWatch; Compute Optimizer; Cost Explorer; CUR; Pricing API,Cloudability,provisioned vs on-demand throughput rates,data.managed-service.same-engine-edition-and-ha-model,IAM cross-account role + CUR + CloudWatch/ComputeOptimizer read,Supported if listed metrics are available in Signal Catalog; native advisor rows can be imported as normalized Findings,Switch to autoscale/on-demand when cheaper; prod-safe threshold: require +20% stronger evidence and owner approval
BR-0173,"Overprovisioned throughput (Azure, standard)",Database,NoSQL,Azure,Azure Advisor / Azure Monitor / Cost Management,RightsizeSku,P0,High,Low,consumed_units;provisioned_units;throttles,p95_consumed<35% provisioned AND throttles=0,14d,Advisor API; Azure Monitor; Resource Graph; Cost Export; Retail Prices API,Cloudability,provisioned vs on-demand throughput rates,data.managed-service.same-engine-edition-and-ha-model,App Registration SPN + Reader/Monitoring Reader/Cost Reader/Advisor Reader,Supported if listed metrics are available in Signal Catalog; native advisor rows can be imported as normalized Findings,Switch to autoscale/on-demand when cheaper; baseline threshold as listed
BR-0174,"Overprovisioned throughput (Azure, strict)",Database,NoSQL,Azure,Azure Advisor / Azure Monitor / Cost Management,RightsizeSku,P0,High,Low,consumed_units;provisioned_units;throttles,p95_consumed<35% provisioned AND throttles=0; strict mode adds 20% safety headroom,14d,Advisor API; Azure Monitor; Resource Graph; Cost Export; Retail Prices API,Cloudability,provisioned vs on-demand throughput rates,data.managed-service.same-engine-edition-and-ha-model,App Registration SPN + Reader/Monitoring Reader/Cost Reader/Advisor Reader,Supported if listed metrics are available in Signal Catalog; native advisor rows can be imported as normalized Findings,Switch to autoscale/on-demand when cheaper; prod-safe threshold: require +20% stronger evidence and owner approval
BR-0175,"Overprovisioned throughput (GCP, standard)",Database,NoSQL,GCP,Google Cloud Recommender / Monitoring / Billing Export,RightsizeSku,P0,High,Low,consumed_units;provisioned_units;throttles,p95_consumed<35% provisioned AND throttles=0,14d,Recommender API; Cloud Monitoring; Cloud Asset Inventory; BigQuery Billing Export; Cloud Billing Catalog,Cloudability,provisioned vs on-demand throughput rates,data.managed-service.same-engine-edition-and-ha-model,Service account or WIF + recommender/monitoring/asset/billing export access,Supported if listed metrics are available in Signal Catalog; native advisor rows can be imported as normalized Findings,Switch to autoscale/on-demand when cheaper; baseline threshold as listed
BR-0176,"Overprovisioned throughput (GCP, strict)",Database,NoSQL,GCP,Google Cloud Recommender / Monitoring / Billing Export,RightsizeSku,P0,High,Low,consumed_units;provisioned_units;throttles,p95_consumed<35% provisioned AND throttles=0; strict mode adds 20% safety headroom,14d,Recommender API; Cloud Monitoring; Cloud Asset Inventory; BigQuery Billing Export; Cloud Billing Catalog,Cloudability,provisioned vs on-demand throughput rates,data.managed-service.same-engine-edition-and-ha-model,Service account or WIF + recommender/monitoring/asset/billing export access,Supported if listed metrics are available in Signal Catalog; native advisor rows can be imported as normalized Findings,Switch to autoscale/on-demand when cheaper; prod-safe threshold: require +20% stronger evidence and owner approval
BR-0177,"Overprovisioned throughput (SaaS, standard)",Database,NoSQL,SaaS,CloudHealth / Cloudability / Densify / Datadog / Kubecost / Spot.io / Flexera,RightsizeSku,P0,High,Low,consumed_units;provisioned_units;throttles,p95_consumed<35% provisioned AND throttles=0,14d,SaaS REST APIs; exports; webhooks; collectors,Cloudability,provisioned vs on-demand throughput rates,data.managed-service.same-engine-edition-and-ha-model,API token + account/cluster/resource mapping to FinOps Signal Catalog,Supported if listed metrics are available in Signal Catalog; native advisor rows can be imported as normalized Findings,Switch to autoscale/on-demand when cheaper; baseline threshold as listed
BR-0178,"Overprovisioned throughput (SaaS, strict)",Database,NoSQL,SaaS,CloudHealth / Cloudability / Densify / Datadog / Kubecost / Spot.io / Flexera,RightsizeSku,P0,High,Low,consumed_units;provisioned_units;throttles,p95_consumed<35% provisioned AND throttles=0; strict mode adds 20% safety headroom,14d,SaaS REST APIs; exports; webhooks; collectors,Cloudability,provisioned vs on-demand throughput rates,data.managed-service.same-engine-edition-and-ha-model,API token + account/cluster/resource mapping to FinOps Signal Catalog,Supported if listed metrics are available in Signal Catalog; native advisor rows can be imported as normalized Findings,Switch to autoscale/on-demand when cheaper; prod-safe threshold: require +20% stronger evidence and owner approval
BR-0179,"Overprovisioned throughput (FinOps, standard)",Database,NoSQL,FinOps,FinOps Basic Provider Registry + Signal Catalog,RightsizeSku,P0,High,Low,consumed_units;provisioned_units;throttles,p95_consumed<35% provisioned AND throttles=0,14d,Canonical Signal Catalog query; Product Catalog rate_delta; Reconciler outcomes,Cloudability,provisioned vs on-demand throughput rates,data.managed-service.same-engine-edition-and-ha-model,Manifest-driven integration + health probe + signal binding + backtest,Supported if listed metrics are available in Signal Catalog; native advisor rows can be imported as normalized Findings,Switch to autoscale/on-demand when cheaper; baseline threshold as listed
BR-0180,"Overprovisioned throughput (FinOps, strict)",Database,NoSQL,FinOps,FinOps Basic Provider Registry + Signal Catalog,RightsizeSku,P0,High,Low,consumed_units;provisioned_units;throttles,p95_consumed<35% provisioned AND throttles=0; strict mode adds 20% safety headroom,14d,Canonical Signal Catalog query; Product Catalog rate_delta; Reconciler outcomes,Cloudability,provisioned vs on-demand throughput rates,data.managed-service.same-engine-edition-and-ha-model,Manifest-driven integration + health probe + signal binding + backtest,Supported if listed metrics are available in Signal Catalog; native advisor rows can be imported as normalized Findings,Switch to autoscale/on-demand when cheaper; prod-safe threshold: require +20% stronger evidence and owner approval
BR-0181,"Idle cache cluster (AWS, standard)",Database,Cache,AWS,AWS Compute Optimizer / Cost Optimization Hub / Trusted Advisor,Shutdown,P0,High,Low,cpu_pct;cache_hit_rate;connections,avg_cpu<5%;connections<5;cache_hit<5%,7d,CloudWatch; Compute Optimizer; Cost Explorer; CUR; Pricing API,Datadog;Densify,cache node hourly rate,data.managed-service.same-engine-edition-and-ha-model,IAM cross-account role + CUR + CloudWatch/ComputeOptimizer read,Supported if listed metrics are available in Signal Catalog; native advisor rows can be imported as normalized Findings,Delete or downsize idle Redis/Memcached; baseline threshold as listed
BR-0182,"Idle cache cluster (AWS, strict)",Database,Cache,AWS,AWS Compute Optimizer / Cost Optimization Hub / Trusted Advisor,Shutdown,P0,High,Low,cpu_pct;cache_hit_rate;connections,avg_cpu<5%;connections<5;cache_hit<5%; strict mode adds 20% safety headroom,7d,CloudWatch; Compute Optimizer; Cost Explorer; CUR; Pricing API,Datadog;Densify,cache node hourly rate,data.managed-service.same-engine-edition-and-ha-model,IAM cross-account role + CUR + CloudWatch/ComputeOptimizer read,Supported if listed metrics are available in Signal Catalog; native advisor rows can be imported as normalized Findings,Delete or downsize idle Redis/Memcached; prod-safe threshold: require +20% stronger evidence and owner approval
BR-0183,"Idle cache cluster (Azure, standard)",Database,Cache,Azure,Azure Advisor / Azure Monitor / Cost Management,Shutdown,P0,High,Low,cpu_pct;cache_hit_rate;connections,avg_cpu<5%;connections<5;cache_hit<5%,7d,Advisor API; Azure Monitor; Resource Graph; Cost Export; Retail Prices API,Datadog;Densify,cache node hourly rate,data.managed-service.same-engine-edition-and-ha-model,App Registration SPN + Reader/Monitoring Reader/Cost Reader/Advisor Reader,Supported if listed metrics are available in Signal Catalog; native advisor rows can be imported as normalized Findings,Delete or downsize idle Redis/Memcached; baseline threshold as listed
BR-0184,"Idle cache cluster (Azure, strict)",Database,Cache,Azure,Azure Advisor / Azure Monitor / Cost Management,Shutdown,P0,High,Low,cpu_pct;cache_hit_rate;connections,avg_cpu<5%;connections<5;cache_hit<5%; strict mode adds 20% safety headroom,7d,Advisor API; Azure Monitor; Resource Graph; Cost Export; Retail Prices API,Datadog;Densify,cache node hourly rate,data.managed-service.same-engine-edition-and-ha-model,App Registration SPN + Reader/Monitoring Reader/Cost Reader/Advisor Reader,Supported if listed metrics are available in Signal Catalog; native advisor rows can be imported as normalized Findings,Delete or downsize idle Redis/Memcached; prod-safe threshold: require +20% stronger evidence and owner approval
BR-0185,"Idle cache cluster (GCP, standard)",Database,Cache,GCP,Google Cloud Recommender / Monitoring / Billing Export,Shutdown,P0,High,Low,cpu_pct;cache_hit_rate;connections,avg_cpu<5%;connections<5;cache_hit<5%,7d,Recommender API; Cloud Monitoring; Cloud Asset Inventory; BigQuery Billing Export; Cloud Billing Catalog,Datadog;Densify,cache node hourly rate,data.managed-service.same-engine-edition-and-ha-model,Service account or WIF + recommender/monitoring/asset/billing export access,Supported if listed metrics are available in Signal Catalog; native advisor rows can be imported as normalized Findings,Delete or downsize idle Redis/Memcached; baseline threshold as listed
BR-0186,"Idle cache cluster (GCP, strict)",Database,Cache,GCP,Google Cloud Recommender / Monitoring / Billing Export,Shutdown,P0,High,Low,cpu_pct;cache_hit_rate;connections,avg_cpu<5%;connections<5;cache_hit<5%; strict mode adds 20% safety headroom,7d,Recommender API; Cloud Monitoring; Cloud Asset Inventory; BigQuery Billing Export; Cloud Billing Catalog,Datadog;Densify,cache node hourly rate,data.managed-service.same-engine-edition-and-ha-model,Service account or WIF + recommender/monitoring/asset/billing export access,Supported if listed metrics are available in Signal Catalog; native advisor rows can be imported as normalized Findings,Delete or downsize idle Redis/Memcached; prod-safe threshold: require +20% stronger evidence and owner approval
BR-0187,"Idle cache cluster (SaaS, standard)",Database,Cache,SaaS,CloudHealth / Cloudability / Densify / Datadog / Kubecost / Spot.io / Flexera,Shutdown,P0,High,Low,cpu_pct;cache_hit_rate;connections,avg_cpu<5%;connections<5;cache_hit<5%,7d,SaaS REST APIs; exports; webhooks; collectors,Datadog;Densify,cache node hourly rate,data.managed-service.same-engine-edition-and-ha-model,API token + account/cluster/resource mapping to FinOps Signal Catalog,Supported if listed metrics are available in Signal Catalog; native advisor rows can be imported as normalized Findings,Delete or downsize idle Redis/Memcached; baseline threshold as listed
BR-0188,"Idle cache cluster (SaaS, strict)",Database,Cache,SaaS,CloudHealth / Cloudability / Densify / Datadog / Kubecost / Spot.io / Flexera,Shutdown,P0,High,Low,cpu_pct;cache_hit_rate;connections,avg_cpu<5%;connections<5;cache_hit<5%; strict mode adds 20% safety headroom,7d,SaaS REST APIs; exports; webhooks; collectors,Datadog;Densify,cache node hourly rate,data.managed-service.same-engine-edition-and-ha-model,API token + account/cluster/resource mapping to FinOps Signal Catalog,Supported if listed metrics are available in Signal Catalog; native advisor rows can be imported as normalized Findings,Delete or downsize idle Redis/Memcached; prod-safe threshold: require +20% stronger evidence and owner approval
BR-0189,"Idle cache cluster (FinOps, standard)",Database,Cache,FinOps,FinOps Basic Provider Registry + Signal Catalog,Shutdown,P0,High,Low,cpu_pct;cache_hit_rate;connections,avg_cpu<5%;connections<5;cache_hit<5%,7d,Canonical Signal Catalog query; Product Catalog rate_delta; Reconciler outcomes,Datadog;Densify,cache node hourly rate,data.managed-service.same-engine-edition-and-ha-model,Manifest-driven integration + health probe + signal binding + backtest,Supported if listed metrics are available in Signal Catalog; native advisor rows can be imported as normalized Findings,Delete or downsize idle Redis/Memcached; baseline threshold as listed
BR-0190,"Idle cache cluster (FinOps, strict)",Database,Cache,FinOps,FinOps Basic Provider Registry + Signal Catalog,Shutdown,P0,High,Low,cpu_pct;cache_hit_rate;connections,avg_cpu<5%;connections<5;cache_hit<5%; strict mode adds 20% safety headroom,7d,Canonical Signal Catalog query; Product Catalog rate_delta; Reconciler outcomes,Datadog;Densify,cache node hourly rate,data.managed-service.same-engine-edition-and-ha-model,Manifest-driven integration + health probe + signal binding + backtest,Supported if listed metrics are available in Signal Catalog; native advisor rows can be imported as normalized Findings,Delete or downsize idle Redis/Memcached; prod-safe threshold: require +20% stronger evidence and owner approval
BR-0191,"Idle warehouse cluster (AWS, standard)",Database,Warehouse,AWS,AWS Compute Optimizer / Cost Optimization Hub / Trusted Advisor,SchedulePause,P1,High,Medium,query_count;active_hours;cpu_pct,query_count=0 for 48h OR active_hours>schedule*2,7d,CloudWatch; Compute Optimizer; Cost Explorer; CUR; Pricing API,Cloudability;Datadog,warehouse hourly rate,data.managed-service.same-engine-edition-and-ha-model,IAM cross-account role + CUR + CloudWatch/ComputeOptimizer read,Supported if listed metrics are available in Signal Catalog; native advisor rows can be imported as normalized Findings,"Basic handles schedule/stop, not query rewrite; baseline threshold as listed"
BR-0192,"Idle warehouse cluster (AWS, strict)",Database,Warehouse,AWS,AWS Compute Optimizer / Cost Optimization Hub / Trusted Advisor,SchedulePause,P1,High,Medium,query_count;active_hours;cpu_pct,query_count=0 for 48h OR active_hours>schedule*2; strict mode adds 20% safety headroom,7d,CloudWatch; Compute Optimizer; Cost Explorer; CUR; Pricing API,Cloudability;Datadog,warehouse hourly rate,data.managed-service.same-engine-edition-and-ha-model,IAM cross-account role + CUR + CloudWatch/ComputeOptimizer read,Supported if listed metrics are available in Signal Catalog; native advisor rows can be imported as normalized Findings,"Basic handles schedule/stop, not query rewrite; prod-safe threshold: require +20% stronger evidence and owner approval"
BR-0193,"Idle warehouse cluster (Azure, standard)",Database,Warehouse,Azure,Azure Advisor / Azure Monitor / Cost Management,SchedulePause,P1,High,Medium,query_count;active_hours;cpu_pct,query_count=0 for 48h OR active_hours>schedule*2,7d,Advisor API; Azure Monitor; Resource Graph; Cost Export; Retail Prices API,Cloudability;Datadog,warehouse hourly rate,data.managed-service.same-engine-edition-and-ha-model,App Registration SPN + Reader/Monitoring Reader/Cost Reader/Advisor Reader,Supported if listed metrics are available in Signal Catalog; native advisor rows can be imported as normalized Findings,"Basic handles schedule/stop, not query rewrite; baseline threshold as listed"
BR-0194,"Idle warehouse cluster (Azure, strict)",Database,Warehouse,Azure,Azure Advisor / Azure Monitor / Cost Management,SchedulePause,P1,High,Medium,query_count;active_hours;cpu_pct,query_count=0 for 48h OR active_hours>schedule*2; strict mode adds 20% safety headroom,7d,Advisor API; Azure Monitor; Resource Graph; Cost Export; Retail Prices API,Cloudability;Datadog,warehouse hourly rate,data.managed-service.same-engine-edition-and-ha-model,App Registration SPN + Reader/Monitoring Reader/Cost Reader/Advisor Reader,Supported if listed metrics are available in Signal Catalog; native advisor rows can be imported as normalized Findings,"Basic handles schedule/stop, not query rewrite; prod-safe threshold: require +20% stronger evidence and owner approval"
BR-0195,"Idle warehouse cluster (GCP, standard)",Database,Warehouse,GCP,Google Cloud Recommender / Monitoring / Billing Export,SchedulePause,P1,High,Medium,query_count;active_hours;cpu_pct,query_count=0 for 48h OR active_hours>schedule*2,7d,Recommender API; Cloud Monitoring; Cloud Asset Inventory; BigQuery Billing Export; Cloud Billing Catalog,Cloudability;Datadog,warehouse hourly rate,data.managed-service.same-engine-edition-and-ha-model,Service account or WIF + recommender/monitoring/asset/billing export access,Supported if listed metrics are available in Signal Catalog; native advisor rows can be imported as normalized Findings,"Basic handles schedule/stop, not query rewrite; baseline threshold as listed"
BR-0196,"Idle warehouse cluster (GCP, strict)",Database,Warehouse,GCP,Google Cloud Recommender / Monitoring / Billing Export,SchedulePause,P1,High,Medium,query_count;active_hours;cpu_pct,query_count=0 for 48h OR active_hours>schedule*2; strict mode adds 20% safety headroom,7d,Recommender API; Cloud Monitoring; Cloud Asset Inventory; BigQuery Billing Export; Cloud Billing Catalog,Cloudability;Datadog,warehouse hourly rate,data.managed-service.same-engine-edition-and-ha-model,Service account or WIF + recommender/monitoring/asset/billing export access,Supported if listed metrics are available in Signal Catalog; native advisor rows can be imported as normalized Findings,"Basic handles schedule/stop, not query rewrite; prod-safe threshold: require +20% stronger evidence and owner approval"
BR-0197,"Idle warehouse cluster (SaaS, standard)",Database,Warehouse,SaaS,CloudHealth / Cloudability / Densify / Datadog / Kubecost / Spot.io / Flexera,SchedulePause,P1,High,Medium,query_count;active_hours;cpu_pct,query_count=0 for 48h OR active_hours>schedule*2,7d,SaaS REST APIs; exports; webhooks; collectors,Cloudability;Datadog,warehouse hourly rate,data.managed-service.same-engine-edition-and-ha-model,API token + account/cluster/resource mapping to FinOps Signal Catalog,Supported if listed metrics are available in Signal Catalog; native advisor rows can be imported as normalized Findings,"Basic handles schedule/stop, not query rewrite; baseline threshold as listed"
BR-0198,"Idle warehouse cluster (SaaS, strict)",Database,Warehouse,SaaS,CloudHealth / Cloudability / Densify / Datadog / Kubecost / Spot.io / Flexera,SchedulePause,P1,High,Medium,query_count;active_hours;cpu_pct,query_count=0 for 48h OR active_hours>schedule*2; strict mode adds 20% safety headroom,7d,SaaS REST APIs; exports; webhooks; collectors,Cloudability;Datadog,warehouse hourly rate,data.managed-service.same-engine-edition-and-ha-model,API token + account/cluster/resource mapping to FinOps Signal Catalog,Supported if listed metrics are available in Signal Catalog; native advisor rows can be imported as normalized Findings,"Basic handles schedule/stop, not query rewrite; prod-safe threshold: require +20% stronger evidence and owner approval"
BR-0199,"Idle warehouse cluster (FinOps, standard)",Database,Warehouse,FinOps,FinOps Basic Provider Registry + Signal Catalog,SchedulePause,P1,High,Medium,query_count;active_hours;cpu_pct,query_count=0 for 48h OR active_hours>schedule*2,7d,Canonical Signal Catalog query; Product Catalog rate_delta; Reconciler outcomes,Cloudability;Datadog,warehouse hourly rate,data.managed-service.same-engine-edition-and-ha-model,Manifest-driven integration + health probe + signal binding + backtest,Supported if listed metrics are available in Signal Catalog; native advisor rows can be imported as normalized Findings,"Basic handles schedule/stop, not query rewrite; baseline threshold as listed"
BR-0200,"Idle warehouse cluster (FinOps, strict)",Database,Warehouse,FinOps,FinOps Basic Provider Registry + Signal Catalog,SchedulePause,P1,High,Medium,query_count;active_hours;cpu_pct,query_count=0 for 48h OR active_hours>schedule*2; strict mode adds 20% safety headroom,7d,Canonical Signal Catalog query; Product Catalog rate_delta; Reconciler outcomes,Cloudability;Datadog,warehouse hourly rate,data.managed-service.same-engine-edition-and-ha-model,Manifest-driven integration + health probe + signal binding + backtest,Supported if listed metrics are available in Signal Catalog; native advisor rows can be imported as normalized Findings,"Basic handles schedule/stop, not query rewrite; prod-safe threshold: require +20% stronger evidence and owner approval"
BR-0201,"Idle load balancer (AWS, standard)",Network,Load Balancer,AWS,AWS Compute Optimizer / Cost Optimization Hub / Trusted Advisor,DeleteOrphan,P0,High,Low,request_count;bytes_processed;healthy_backend_count,requests=0;bytes<1GB;age>14d,14d,CloudWatch; Compute Optimizer; Cost Explorer; CUR; Pricing API,CloudHealth;Datadog,LB hourly/LCU rates,network.managed-service.same-provider-region-and-routing-domain,IAM cross-account role + CUR + CloudWatch/ComputeOptimizer read,Supported if listed metrics are available in Signal Catalog; native advisor rows can be imported as normalized Findings,Verify DNS before delete; baseline threshold as listed
BR-0202,"Idle load balancer (AWS, strict)",Network,Load Balancer,AWS,AWS Compute Optimizer / Cost Optimization Hub / Trusted Advisor,DeleteOrphan,P0,High,Low,request_count;bytes_processed;healthy_backend_count,requests=0;bytes<1GB;age>14d; strict mode adds 20% safety headroom,14d,CloudWatch; Compute Optimizer; Cost Explorer; CUR; Pricing API,CloudHealth;Datadog,LB hourly/LCU rates,network.managed-service.same-provider-region-and-routing-domain,IAM cross-account role + CUR + CloudWatch/ComputeOptimizer read,Supported if listed metrics are available in Signal Catalog; native advisor rows can be imported as normalized Findings,Verify DNS before delete; prod-safe threshold: require +20% stronger evidence and owner approval
BR-0203,"Idle load balancer (Azure, standard)",Network,Load Balancer,Azure,Azure Advisor / Azure Monitor / Cost Management,DeleteOrphan,P0,High,Low,request_count;bytes_processed;healthy_backend_count,requests=0;bytes<1GB;age>14d,14d,Advisor API; Azure Monitor; Resource Graph; Cost Export; Retail Prices API,CloudHealth;Datadog,LB hourly/LCU rates,network.managed-service.same-provider-region-and-routing-domain,App Registration SPN + Reader/Monitoring Reader/Cost Reader/Advisor Reader,Supported if listed metrics are available in Signal Catalog; native advisor rows can be imported as normalized Findings,Verify DNS before delete; baseline threshold as listed
BR-0204,"Idle load balancer (Azure, strict)",Network,Load Balancer,Azure,Azure Advisor / Azure Monitor / Cost Management,DeleteOrphan,P0,High,Low,request_count;bytes_processed;healthy_backend_count,requests=0;bytes<1GB;age>14d; strict mode adds 20% safety headroom,14d,Advisor API; Azure Monitor; Resource Graph; Cost Export; Retail Prices API,CloudHealth;Datadog,LB hourly/LCU rates,network.managed-service.same-provider-region-and-routing-domain,App Registration SPN + Reader/Monitoring Reader/Cost Reader/Advisor Reader,Supported if listed metrics are available in Signal Catalog; native advisor rows can be imported as normalized Findings,Verify DNS before delete; prod-safe threshold: require +20% stronger evidence and owner approval
BR-0205,"Idle load balancer (GCP, standard)",Network,Load Balancer,GCP,Google Cloud Recommender / Monitoring / Billing Export,DeleteOrphan,P0,High,Low,request_count;bytes_processed;healthy_backend_count,requests=0;bytes<1GB;age>14d,14d,Recommender API; Cloud Monitoring; Cloud Asset Inventory; BigQuery Billing Export; Cloud Billing Catalog,CloudHealth;Datadog,LB hourly/LCU rates,network.managed-service.same-provider-region-and-routing-domain,Service account or WIF + recommender/monitoring/asset/billing export access,Supported if listed metrics are available in Signal Catalog; native advisor rows can be imported as normalized Findings,Verify DNS before delete; baseline threshold as listed
BR-0206,"Idle load balancer (GCP, strict)",Network,Load Balancer,GCP,Google Cloud Recommender / Monitoring / Billing Export,DeleteOrphan,P0,High,Low,request_count;bytes_processed;healthy_backend_count,requests=0;bytes<1GB;age>14d; strict mode adds 20% safety headroom,14d,Recommender API; Cloud Monitoring; Cloud Asset Inventory; BigQuery Billing Export; Cloud Billing Catalog,CloudHealth;Datadog,LB hourly/LCU rates,network.managed-service.same-provider-region-and-routing-domain,Service account or WIF + recommender/monitoring/asset/billing export access,Supported if listed metrics are available in Signal Catalog; native advisor rows can be imported as normalized Findings,Verify DNS before delete; prod-safe threshold: require +20% stronger evidence and owner approval
BR-0207,"Idle load balancer (SaaS, standard)",Network,Load Balancer,SaaS,CloudHealth / Cloudability / Densify / Datadog / Kubecost / Spot.io / Flexera,DeleteOrphan,P0,High,Low,request_count;bytes_processed;healthy_backend_count,requests=0;bytes<1GB;age>14d,14d,SaaS REST APIs; exports; webhooks; collectors,CloudHealth;Datadog,LB hourly/LCU rates,network.managed-service.same-provider-region-and-routing-domain,API token + account/cluster/resource mapping to FinOps Signal Catalog,Supported if listed metrics are available in Signal Catalog; native advisor rows can be imported as normalized Findings,Verify DNS before delete; baseline threshold as listed
BR-0208,"Idle load balancer (SaaS, strict)",Network,Load Balancer,SaaS,CloudHealth / Cloudability / Densify / Datadog / Kubecost / Spot.io / Flexera,DeleteOrphan,P0,High,Low,request_count;bytes_processed;healthy_backend_count,requests=0;bytes<1GB;age>14d; strict mode adds 20% safety headroom,14d,SaaS REST APIs; exports; webhooks; collectors,CloudHealth;Datadog,LB hourly/LCU rates,network.managed-service.same-provider-region-and-routing-domain,API token + account/cluster/resource mapping to FinOps Signal Catalog,Supported if listed metrics are available in Signal Catalog; native advisor rows can be imported as normalized Findings,Verify DNS before delete; prod-safe threshold: require +20% stronger evidence and owner approval
BR-0209,"Idle load balancer (FinOps, standard)",Network,Load Balancer,FinOps,FinOps Basic Provider Registry + Signal Catalog,DeleteOrphan,P0,High,Low,request_count;bytes_processed;healthy_backend_count,requests=0;bytes<1GB;age>14d,14d,Canonical Signal Catalog query; Product Catalog rate_delta; Reconciler outcomes,CloudHealth;Datadog,LB hourly/LCU rates,network.managed-service.same-provider-region-and-routing-domain,Manifest-driven integration + health probe + signal binding + backtest,Supported if listed metrics are available in Signal Catalog; native advisor rows can be imported as normalized Findings,Verify DNS before delete; baseline threshold as listed
BR-0210,"Idle load balancer (FinOps, strict)",Network,Load Balancer,FinOps,FinOps Basic Provider Registry + Signal Catalog,DeleteOrphan,P0,High,Low,request_count;bytes_processed;healthy_backend_count,requests=0;bytes<1GB;age>14d; strict mode adds 20% safety headroom,14d,Canonical Signal Catalog query; Product Catalog rate_delta; Reconciler outcomes,CloudHealth;Datadog,LB hourly/LCU rates,network.managed-service.same-provider-region-and-routing-domain,Manifest-driven integration + health probe + signal binding + backtest,Supported if listed metrics are available in Signal Catalog; native advisor rows can be imported as normalized Findings,Verify DNS before delete; prod-safe threshold: require +20% stronger evidence and owner approval
BR-0211,"Idle NAT gateway (AWS, standard)",Network,NAT,AWS,AWS Compute Optimizer / Cost Optimization Hub / Trusted Advisor,DeleteOrphan,P0,Very High,Low,bytes_out;active_connections;hourly_cost,bytes_out<1GB/day;connections<5,7d,CloudWatch; Compute Optimizer; Cost Explorer; CUR; Pricing API,CloudHealth;Datadog,NAT hourly and data processing rates,network.managed-service.same-provider-region-and-routing-domain,IAM cross-account role + CUR + CloudWatch/ComputeOptimizer read,Supported if listed metrics are available in Signal Catalog; native advisor rows can be imported as normalized Findings,Delete or consolidate route table; baseline threshold as listed
BR-0212,"Idle NAT gateway (AWS, strict)",Network,NAT,AWS,AWS Compute Optimizer / Cost Optimization Hub / Trusted Advisor,DeleteOrphan,P0,Very High,Low,bytes_out;active_connections;hourly_cost,bytes_out<1GB/day;connections<5; strict mode adds 20% safety headroom,7d,CloudWatch; Compute Optimizer; Cost Explorer; CUR; Pricing API,CloudHealth;Datadog,NAT hourly and data processing rates,network.managed-service.same-provider-region-and-routing-domain,IAM cross-account role + CUR + CloudWatch/ComputeOptimizer read,Supported if listed metrics are available in Signal Catalog; native advisor rows can be imported as normalized Findings,Delete or consolidate route table; prod-safe threshold: require +20% stronger evidence and owner approval
BR-0213,"Idle NAT gateway (Azure, standard)",Network,NAT,Azure,Azure Advisor / Azure Monitor / Cost Management,DeleteOrphan,P0,Very High,Low,bytes_out;active_connections;hourly_cost,bytes_out<1GB/day;connections<5,7d,Advisor API; Azure Monitor; Resource Graph; Cost Export; Retail Prices API,CloudHealth;Datadog,NAT hourly and data processing rates,network.managed-service.same-provider-region-and-routing-domain,App Registration SPN + Reader/Monitoring Reader/Cost Reader/Advisor Reader,Supported if listed metrics are available in Signal Catalog; native advisor rows can be imported as normalized Findings,Delete or consolidate route table; baseline threshold as listed
BR-0214,"Idle NAT gateway (Azure, strict)",Network,NAT,Azure,Azure Advisor / Azure Monitor / Cost Management,DeleteOrphan,P0,Very High,Low,bytes_out;active_connections;hourly_cost,bytes_out<1GB/day;connections<5; strict mode adds 20% safety headroom,7d,Advisor API; Azure Monitor; Resource Graph; Cost Export; Retail Prices API,CloudHealth;Datadog,NAT hourly and data processing rates,network.managed-service.same-provider-region-and-routing-domain,App Registration SPN + Reader/Monitoring Reader/Cost Reader/Advisor Reader,Supported if listed metrics are available in Signal Catalog; native advisor rows can be imported as normalized Findings,Delete or consolidate route table; prod-safe threshold: require +20% stronger evidence and owner approval
BR-0215,"Idle NAT gateway (GCP, standard)",Network,NAT,GCP,Google Cloud Recommender / Monitoring / Billing Export,DeleteOrphan,P0,Very High,Low,bytes_out;active_connections;hourly_cost,bytes_out<1GB/day;connections<5,7d,Recommender API; Cloud Monitoring; Cloud Asset Inventory; BigQuery Billing Export; Cloud Billing Catalog,CloudHealth;Datadog,NAT hourly and data processing rates,network.managed-service.same-provider-region-and-routing-domain,Service account or WIF + recommender/monitoring/asset/billing export access,Supported if listed metrics are available in Signal Catalog; native advisor rows can be imported as normalized Findings,Delete or consolidate route table; baseline threshold as listed
BR-0216,"Idle NAT gateway (GCP, strict)",Network,NAT,GCP,Google Cloud Recommender / Monitoring / Billing Export,DeleteOrphan,P0,Very High,Low,bytes_out;active_connections;hourly_cost,bytes_out<1GB/day;connections<5; strict mode adds 20% safety headroom,7d,Recommender API; Cloud Monitoring; Cloud Asset Inventory; BigQuery Billing Export; Cloud Billing Catalog,CloudHealth;Datadog,NAT hourly and data processing rates,network.managed-service.same-provider-region-and-routing-domain,Service account or WIF + recommender/monitoring/asset/billing export access,Supported if listed metrics are available in Signal Catalog; native advisor rows can be imported as normalized Findings,Delete or consolidate route table; prod-safe threshold: require +20% stronger evidence and owner approval
BR-0217,"Idle NAT gateway (SaaS, standard)",Network,NAT,SaaS,CloudHealth / Cloudability / Densify / Datadog / Kubecost / Spot.io / Flexera,DeleteOrphan,P0,Very High,Low,bytes_out;active_connections;hourly_cost,bytes_out<1GB/day;connections<5,7d,SaaS REST APIs; exports; webhooks; collectors,CloudHealth;Datadog,NAT hourly and data processing rates,network.managed-service.same-provider-region-and-routing-domain,API token + account/cluster/resource mapping to FinOps Signal Catalog,Supported if listed metrics are available in Signal Catalog; native advisor rows can be imported as normalized Findings,Delete or consolidate route table; baseline threshold as listed
BR-0218,"Idle NAT gateway (SaaS, strict)",Network,NAT,SaaS,CloudHealth / Cloudability / Densify / Datadog / Kubecost / Spot.io / Flexera,DeleteOrphan,P0,Very High,Low,bytes_out;active_connections;hourly_cost,bytes_out<1GB/day;connections<5; strict mode adds 20% safety headroom,7d,SaaS REST APIs; exports; webhooks; collectors,CloudHealth;Datadog,NAT hourly and data processing rates,network.managed-service.same-provider-region-and-routing-domain,API token + account/cluster/resource mapping to FinOps Signal Catalog,Supported if listed metrics are available in Signal Catalog; native advisor rows can be imported as normalized Findings,Delete or consolidate route table; prod-safe threshold: require +20% stronger evidence and owner approval
BR-0219,"Idle NAT gateway (FinOps, standard)",Network,NAT,FinOps,FinOps Basic Provider Registry + Signal Catalog,DeleteOrphan,P0,Very High,Low,bytes_out;active_connections;hourly_cost,bytes_out<1GB/day;connections<5,7d,Canonical Signal Catalog query; Product Catalog rate_delta; Reconciler outcomes,CloudHealth;Datadog,NAT hourly and data processing rates,network.managed-service.same-provider-region-and-routing-domain,Manifest-driven integration + health probe + signal binding + backtest,Supported if listed metrics are available in Signal Catalog; native advisor rows can be imported as normalized Findings,Delete or consolidate route table; baseline threshold as listed
BR-0220,"Idle NAT gateway (FinOps, strict)",Network,NAT,FinOps,FinOps Basic Provider Registry + Signal Catalog,DeleteOrphan,P0,Very High,Low,bytes_out;active_connections;hourly_cost,bytes_out<1GB/day;connections<5; strict mode adds 20% safety headroom,7d,Canonical Signal Catalog query; Product Catalog rate_delta; Reconciler outcomes,CloudHealth;Datadog,NAT hourly and data processing rates,network.managed-service.same-provider-region-and-routing-domain,Manifest-driven integration + health probe + signal binding + backtest,Supported if listed metrics are available in Signal Catalog; native advisor rows can be imported as normalized Findings,Delete or consolidate route table; prod-safe threshold: require +20% stronger evidence and owner approval
BR-0221,"High NAT data processing cost (AWS, standard)",Network,NAT,AWS,AWS Compute Optimizer / Cost Optimization Hub / Trusted Advisor,RightsizeSku,P1,High,Medium,nat_bytes_gib;nat_cost_pct;private_endpoint_available,nat_cost>5% network spend AND private_endpoint=true,30d,CloudWatch; Compute Optimizer; Cost Explorer; CUR; Pricing API,Datadog Cloud Cost,PrivateLink/endpoint vs NAT rates,network.managed-service.same-provider-region-and-routing-domain,IAM cross-account role + CUR + CloudWatch/ComputeOptimizer read,Supported if listed metrics are available in Signal Catalog; native advisor rows can be imported as normalized Findings,Recommend endpoint for supported services; baseline threshold as listed
BR-0222,"High NAT data processing cost (AWS, strict)",Network,NAT,AWS,AWS Compute Optimizer / Cost Optimization Hub / Trusted Advisor,RightsizeSku,P1,High,Medium,nat_bytes_gib;nat_cost_pct;private_endpoint_available,nat_cost>5% network spend AND private_endpoint=true; strict mode adds 20% safety headroom,30d,CloudWatch; Compute Optimizer; Cost Explorer; CUR; Pricing API,Datadog Cloud Cost,PrivateLink/endpoint vs NAT rates,network.managed-service.same-provider-region-and-routing-domain,IAM cross-account role + CUR + CloudWatch/ComputeOptimizer read,Supported if listed metrics are available in Signal Catalog; native advisor rows can be imported as normalized Findings,Recommend endpoint for supported services; prod-safe threshold: require +20% stronger evidence and owner approval
BR-0223,"High NAT data processing cost (Azure, standard)",Network,NAT,Azure,Azure Advisor / Azure Monitor / Cost Management,RightsizeSku,P1,High,Medium,nat_bytes_gib;nat_cost_pct;private_endpoint_available,nat_cost>5% network spend AND private_endpoint=true,30d,Advisor API; Azure Monitor; Resource Graph; Cost Export; Retail Prices API,Datadog Cloud Cost,PrivateLink/endpoint vs NAT rates,network.managed-service.same-provider-region-and-routing-domain,App Registration SPN + Reader/Monitoring Reader/Cost Reader/Advisor Reader,Supported if listed metrics are available in Signal Catalog; native advisor rows can be imported as normalized Findings,Recommend endpoint for supported services; baseline threshold as listed
BR-0224,"High NAT data processing cost (Azure, strict)",Network,NAT,Azure,Azure Advisor / Azure Monitor / Cost Management,RightsizeSku,P1,High,Medium,nat_bytes_gib;nat_cost_pct;private_endpoint_available,nat_cost>5% network spend AND private_endpoint=true; strict mode adds 20% safety headroom,30d,Advisor API; Azure Monitor; Resource Graph; Cost Export; Retail Prices API,Datadog Cloud Cost,PrivateLink/endpoint vs NAT rates,network.managed-service.same-provider-region-and-routing-domain,App Registration SPN + Reader/Monitoring Reader/Cost Reader/Advisor Reader,Supported if listed metrics are available in Signal Catalog; native advisor rows can be imported as normalized Findings,Recommend endpoint for supported services; prod-safe threshold: require +20% stronger evidence and owner approval
BR-0225,"High NAT data processing cost (GCP, standard)",Network,NAT,GCP,Google Cloud Recommender / Monitoring / Billing Export,RightsizeSku,P1,High,Medium,nat_bytes_gib;nat_cost_pct;private_endpoint_available,nat_cost>5% network spend AND private_endpoint=true,30d,Recommender API; Cloud Monitoring; Cloud Asset Inventory; BigQuery Billing Export; Cloud Billing Catalog,Datadog Cloud Cost,PrivateLink/endpoint vs NAT rates,network.managed-service.same-provider-region-and-routing-domain,Service account or WIF + recommender/monitoring/asset/billing export access,Supported if listed metrics are available in Signal Catalog; native advisor rows can be imported as normalized Findings,Recommend endpoint for supported services; baseline threshold as listed
BR-0226,"High NAT data processing cost (GCP, strict)",Network,NAT,GCP,Google Cloud Recommender / Monitoring / Billing Export,RightsizeSku,P1,High,Medium,nat_bytes_gib;nat_cost_pct;private_endpoint_available,nat_cost>5% network spend AND private_endpoint=true; strict mode adds 20% safety headroom,30d,Recommender API; Cloud Monitoring; Cloud Asset Inventory; BigQuery Billing Export; Cloud Billing Catalog,Datadog Cloud Cost,PrivateLink/endpoint vs NAT rates,network.managed-service.same-provider-region-and-routing-domain,Service account or WIF + recommender/monitoring/asset/billing export access,Supported if listed metrics are available in Signal Catalog; native advisor rows can be imported as normalized Findings,Recommend endpoint for supported services; prod-safe threshold: require +20% stronger evidence and owner approval
BR-0227,"High NAT data processing cost (SaaS, standard)",Network,NAT,SaaS,CloudHealth / Cloudability / Densify / Datadog / Kubecost / Spot.io / Flexera,RightsizeSku,P1,High,Medium,nat_bytes_gib;nat_cost_pct;private_endpoint_available,nat_cost>5% network spend AND private_endpoint=true,30d,SaaS REST APIs; exports; webhooks; collectors,Datadog Cloud Cost,PrivateLink/endpoint vs NAT rates,network.managed-service.same-provider-region-and-routing-domain,API token + account/cluster/resource mapping to FinOps Signal Catalog,Supported if listed metrics are available in Signal Catalog; native advisor rows can be imported as normalized Findings,Recommend endpoint for supported services; baseline threshold as listed
BR-0228,"High NAT data processing cost (SaaS, strict)",Network,NAT,SaaS,CloudHealth / Cloudability / Densify / Datadog / Kubecost / Spot.io / Flexera,RightsizeSku,P1,High,Medium,nat_bytes_gib;nat_cost_pct;private_endpoint_available,nat_cost>5% network spend AND private_endpoint=true; strict mode adds 20% safety headroom,30d,SaaS REST APIs; exports; webhooks; collectors,Datadog Cloud Cost,PrivateLink/endpoint vs NAT rates,network.managed-service.same-provider-region-and-routing-domain,API token + account/cluster/resource mapping to FinOps Signal Catalog,Supported if listed metrics are available in Signal Catalog; native advisor rows can be imported as normalized Findings,Recommend endpoint for supported services; prod-safe threshold: require +20% stronger evidence and owner approval
BR-0229,"High NAT data processing cost (FinOps, standard)",Network,NAT,FinOps,FinOps Basic Provider Registry + Signal Catalog,RightsizeSku,P1,High,Medium,nat_bytes_gib;nat_cost_pct;private_endpoint_available,nat_cost>5% network spend AND private_endpoint=true,30d,Canonical Signal Catalog query; Product Catalog rate_delta; Reconciler outcomes,Datadog Cloud Cost,PrivateLink/endpoint vs NAT rates,network.managed-service.same-provider-region-and-routing-domain,Manifest-driven integration + health probe + signal binding + backtest,Supported if listed metrics are available in Signal Catalog; native advisor rows can be imported as normalized Findings,Recommend endpoint for supported services; baseline threshold as listed
BR-0230,"High NAT data processing cost (FinOps, strict)",Network,NAT,FinOps,FinOps Basic Provider Registry + Signal Catalog,RightsizeSku,P1,High,Medium,nat_bytes_gib;nat_cost_pct;private_endpoint_available,nat_cost>5% network spend AND private_endpoint=true; strict mode adds 20% safety headroom,30d,Canonical Signal Catalog query; Product Catalog rate_delta; Reconciler outcomes,Datadog Cloud Cost,PrivateLink/endpoint vs NAT rates,network.managed-service.same-provider-region-and-routing-domain,Manifest-driven integration + health probe + signal binding + backtest,Supported if listed metrics are available in Signal Catalog; native advisor rows can be imported as normalized Findings,Recommend endpoint for supported services; prod-safe threshold: require +20% stronger evidence and owner approval
BR-0231,"Unused public IP (AWS, standard)",Network,IP,AWS,AWS Compute Optimizer / Cost Optimization Hub / Trusted Advisor,DeleteOrphan,P0,High,Low,attached_resource;idle_days;monthly_cost,unattached AND idle_days>7,7d,CloudWatch; Compute Optimizer; Cost Explorer; CUR; Pricing API,CloudHealth;Cloudability,IP hourly rate,network.managed-service.same-provider-region-and-routing-domain,IAM cross-account role + CUR + CloudWatch/ComputeOptimizer read,Supported if listed metrics are available in Signal Catalog; native advisor rows can be imported as normalized Findings,Delete unattached IPs; baseline threshold as listed
BR-0232,"Unused public IP (AWS, strict)",Network,IP,AWS,AWS Compute Optimizer / Cost Optimization Hub / Trusted Advisor,DeleteOrphan,P0,High,Low,attached_resource;idle_days;monthly_cost,unattached AND idle_days>7; strict mode adds 20% safety headroom,7d,CloudWatch; Compute Optimizer; Cost Explorer; CUR; Pricing API,CloudHealth;Cloudability,IP hourly rate,network.managed-service.same-provider-region-and-routing-domain,IAM cross-account role + CUR + CloudWatch/ComputeOptimizer read,Supported if listed metrics are available in Signal Catalog; native advisor rows can be imported as normalized Findings,Delete unattached IPs; prod-safe threshold: require +20% stronger evidence and owner approval
BR-0233,"Unused public IP (Azure, standard)",Network,IP,Azure,Azure Advisor / Azure Monitor / Cost Management,DeleteOrphan,P0,High,Low,attached_resource;idle_days;monthly_cost,unattached AND idle_days>7,7d,Advisor API; Azure Monitor; Resource Graph; Cost Export; Retail Prices API,CloudHealth;Cloudability,IP hourly rate,network.managed-service.same-provider-region-and-routing-domain,App Registration SPN + Reader/Monitoring Reader/Cost Reader/Advisor Reader,Supported if listed metrics are available in Signal Catalog; native advisor rows can be imported as normalized Findings,Delete unattached IPs; baseline threshold as listed
BR-0234,"Unused public IP (Azure, strict)",Network,IP,Azure,Azure Advisor / Azure Monitor / Cost Management,DeleteOrphan,P0,High,Low,attached_resource;idle_days;monthly_cost,unattached AND idle_days>7; strict mode adds 20% safety headroom,7d,Advisor API; Azure Monitor; Resource Graph; Cost Export; Retail Prices API,CloudHealth;Cloudability,IP hourly rate,network.managed-service.same-provider-region-and-routing-domain,App Registration SPN + Reader/Monitoring Reader/Cost Reader/Advisor Reader,Supported if listed metrics are available in Signal Catalog; native advisor rows can be imported as normalized Findings,Delete unattached IPs; prod-safe threshold: require +20% stronger evidence and owner approval
BR-0235,"Unused public IP (GCP, standard)",Network,IP,GCP,Google Cloud Recommender / Monitoring / Billing Export,DeleteOrphan,P0,High,Low,attached_resource;idle_days;monthly_cost,unattached AND idle_days>7,7d,Recommender API; Cloud Monitoring; Cloud Asset Inventory; BigQuery Billing Export; Cloud Billing Catalog,CloudHealth;Cloudability,IP hourly rate,network.managed-service.same-provider-region-and-routing-domain,Service account or WIF + recommender/monitoring/asset/billing export access,Supported if listed metrics are available in Signal Catalog; native advisor rows can be imported as normalized Findings,Delete unattached IPs; baseline threshold as listed
BR-0236,"Unused public IP (GCP, strict)",Network,IP,GCP,Google Cloud Recommender / Monitoring / Billing Export,DeleteOrphan,P0,High,Low,attached_resource;idle_days;monthly_cost,unattached AND idle_days>7; strict mode adds 20% safety headroom,7d,Recommender API; Cloud Monitoring; Cloud Asset Inventory; BigQuery Billing Export; Cloud Billing Catalog,CloudHealth;Cloudability,IP hourly rate,network.managed-service.same-provider-region-and-routing-domain,Service account or WIF + recommender/monitoring/asset/billing export access,Supported if listed metrics are available in Signal Catalog; native advisor rows can be imported as normalized Findings,Delete unattached IPs; prod-safe threshold: require +20% stronger evidence and owner approval
BR-0237,"Unused public IP (SaaS, standard)",Network,IP,SaaS,CloudHealth / Cloudability / Densify / Datadog / Kubecost / Spot.io / Flexera,DeleteOrphan,P0,High,Low,attached_resource;idle_days;monthly_cost,unattached AND idle_days>7,7d,SaaS REST APIs; exports; webhooks; collectors,CloudHealth;Cloudability,IP hourly rate,network.managed-service.same-provider-region-and-routing-domain,API token + account/cluster/resource mapping to FinOps Signal Catalog,Supported if listed metrics are available in Signal Catalog; native advisor rows can be imported as normalized Findings,Delete unattached IPs; baseline threshold as listed
BR-0238,"Unused public IP (SaaS, strict)",Network,IP,SaaS,CloudHealth / Cloudability / Densify / Datadog / Kubecost / Spot.io / Flexera,DeleteOrphan,P0,High,Low,attached_resource;idle_days;monthly_cost,unattached AND idle_days>7; strict mode adds 20% safety headroom,7d,SaaS REST APIs; exports; webhooks; collectors,CloudHealth;Cloudability,IP hourly rate,network.managed-service.same-provider-region-and-routing-domain,API token + account/cluster/resource mapping to FinOps Signal Catalog,Supported if listed metrics are available in Signal Catalog; native advisor rows can be imported as normalized Findings,Delete unattached IPs; prod-safe threshold: require +20% stronger evidence and owner approval
BR-0239,"Unused public IP (FinOps, standard)",Network,IP,FinOps,FinOps Basic Provider Registry + Signal Catalog,DeleteOrphan,P0,High,Low,attached_resource;idle_days;monthly_cost,unattached AND idle_days>7,7d,Canonical Signal Catalog query; Product Catalog rate_delta; Reconciler outcomes,CloudHealth;Cloudability,IP hourly rate,network.managed-service.same-provider-region-and-routing-domain,Manifest-driven integration + health probe + signal binding + backtest,Supported if listed metrics are available in Signal Catalog; native advisor rows can be imported as normalized Findings,Delete unattached IPs; baseline threshold as listed
BR-0240,"Unused public IP (FinOps, strict)",Network,IP,FinOps,FinOps Basic Provider Registry + Signal Catalog,DeleteOrphan,P0,High,Low,attached_resource;idle_days;monthly_cost,unattached AND idle_days>7; strict mode adds 20% safety headroom,7d,Canonical Signal Catalog query; Product Catalog rate_delta; Reconciler outcomes,CloudHealth;Cloudability,IP hourly rate,network.managed-service.same-provider-region-and-routing-domain,Manifest-driven integration + health probe + signal binding + backtest,Supported if listed metrics are available in Signal Catalog; native advisor rows can be imported as normalized Findings,Delete unattached IPs; prod-safe threshold: require +20% stronger evidence and owner approval
BR-0241,"Low CDN cache hit ratio (AWS, standard)",Network,CDN,AWS,AWS Compute Optimizer / Cost Optimization Hub / Trusted Advisor,TierMove,P1,High,Medium,cache_hit_ratio;origin_egress_gib;cdn_cost,cache_hit<70% AND origin_egress>1000GiB/mo,14d,CloudWatch; Compute Optimizer; Cost Explorer; CUR; Pricing API,Datadog;Cloudflare,CDN and origin egress rates,network.managed-service.same-provider-region-and-routing-domain,IAM cross-account role + CUR + CloudWatch/ComputeOptimizer read,Supported if listed metrics are available in Signal Catalog; native advisor rows can be imported as normalized Findings,Tune TTL/cache rules; baseline threshold as listed
BR-0242,"Low CDN cache hit ratio (AWS, strict)",Network,CDN,AWS,AWS Compute Optimizer / Cost Optimization Hub / Trusted Advisor,TierMove,P1,High,Medium,cache_hit_ratio;origin_egress_gib;cdn_cost,cache_hit<70% AND origin_egress>1000GiB/mo; strict mode adds 20% safety headroom,14d,CloudWatch; Compute Optimizer; Cost Explorer; CUR; Pricing API,Datadog;Cloudflare,CDN and origin egress rates,network.managed-service.same-provider-region-and-routing-domain,IAM cross-account role + CUR + CloudWatch/ComputeOptimizer read,Supported if listed metrics are available in Signal Catalog; native advisor rows can be imported as normalized Findings,Tune TTL/cache rules; prod-safe threshold: require +20% stronger evidence and owner approval
BR-0243,"Low CDN cache hit ratio (Azure, standard)",Network,CDN,Azure,Azure Advisor / Azure Monitor / Cost Management,TierMove,P1,High,Medium,cache_hit_ratio;origin_egress_gib;cdn_cost,cache_hit<70% AND origin_egress>1000GiB/mo,14d,Advisor API; Azure Monitor; Resource Graph; Cost Export; Retail Prices API,Datadog;Cloudflare,CDN and origin egress rates,network.managed-service.same-provider-region-and-routing-domain,App Registration SPN + Reader/Monitoring Reader/Cost Reader/Advisor Reader,Supported if listed metrics are available in Signal Catalog; native advisor rows can be imported as normalized Findings,Tune TTL/cache rules; baseline threshold as listed
BR-0244,"Low CDN cache hit ratio (Azure, strict)",Network,CDN,Azure,Azure Advisor / Azure Monitor / Cost Management,TierMove,P1,High,Medium,cache_hit_ratio;origin_egress_gib;cdn_cost,cache_hit<70% AND origin_egress>1000GiB/mo; strict mode adds 20% safety headroom,14d,Advisor API; Azure Monitor; Resource Graph; Cost Export; Retail Prices API,Datadog;Cloudflare,CDN and origin egress rates,network.managed-service.same-provider-region-and-routing-domain,App Registration SPN + Reader/Monitoring Reader/Cost Reader/Advisor Reader,Supported if listed metrics are available in Signal Catalog; native advisor rows can be imported as normalized Findings,Tune TTL/cache rules; prod-safe threshold: require +20% stronger evidence and owner approval
BR-0245,"Low CDN cache hit ratio (GCP, standard)",Network,CDN,GCP,Google Cloud Recommender / Monitoring / Billing Export,TierMove,P1,High,Medium,cache_hit_ratio;origin_egress_gib;cdn_cost,cache_hit<70% AND origin_egress>1000GiB/mo,14d,Recommender API; Cloud Monitoring; Cloud Asset Inventory; BigQuery Billing Export; Cloud Billing Catalog,Datadog;Cloudflare,CDN and origin egress rates,network.managed-service.same-provider-region-and-routing-domain,Service account or WIF + recommender/monitoring/asset/billing export access,Supported if listed metrics are available in Signal Catalog; native advisor rows can be imported as normalized Findings,Tune TTL/cache rules; baseline threshold as listed
BR-0246,"Low CDN cache hit ratio (GCP, strict)",Network,CDN,GCP,Google Cloud Recommender / Monitoring / Billing Export,TierMove,P1,High,Medium,cache_hit_ratio;origin_egress_gib;cdn_cost,cache_hit<70% AND origin_egress>1000GiB/mo; strict mode adds 20% safety headroom,14d,Recommender API; Cloud Monitoring; Cloud Asset Inventory; BigQuery Billing Export; Cloud Billing Catalog,Datadog;Cloudflare,CDN and origin egress rates,network.managed-service.same-provider-region-and-routing-domain,Service account or WIF + recommender/monitoring/asset/billing export access,Supported if listed metrics are available in Signal Catalog; native advisor rows can be imported as normalized Findings,Tune TTL/cache rules; prod-safe threshold: require +20% stronger evidence and owner approval
BR-0247,"Low CDN cache hit ratio (SaaS, standard)",Network,CDN,SaaS,CloudHealth / Cloudability / Densify / Datadog / Kubecost / Spot.io / Flexera,TierMove,P1,High,Medium,cache_hit_ratio;origin_egress_gib;cdn_cost,cache_hit<70% AND origin_egress>1000GiB/mo,14d,SaaS REST APIs; exports; webhooks; collectors,Datadog;Cloudflare,CDN and origin egress rates,network.managed-service.same-provider-region-and-routing-domain,API token + account/cluster/resource mapping to FinOps Signal Catalog,Supported if listed metrics are available in Signal Catalog; native advisor rows can be imported as normalized Findings,Tune TTL/cache rules; baseline threshold as listed
BR-0248,"Low CDN cache hit ratio (SaaS, strict)",Network,CDN,SaaS,CloudHealth / Cloudability / Densify / Datadog / Kubecost / Spot.io / Flexera,TierMove,P1,High,Medium,cache_hit_ratio;origin_egress_gib;cdn_cost,cache_hit<70% AND origin_egress>1000GiB/mo; strict mode adds 20% safety headroom,14d,SaaS REST APIs; exports; webhooks; collectors,Datadog;Cloudflare,CDN and origin egress rates,network.managed-service.same-provider-region-and-routing-domain,API token + account/cluster/resource mapping to FinOps Signal Catalog,Supported if listed metrics are available in Signal Catalog; native advisor rows can be imported as normalized Findings,Tune TTL/cache rules; prod-safe threshold: require +20% stronger evidence and owner approval
BR-0249,"Low CDN cache hit ratio (FinOps, standard)",Network,CDN,FinOps,FinOps Basic Provider Registry + Signal Catalog,TierMove,P1,High,Medium,cache_hit_ratio;origin_egress_gib;cdn_cost,cache_hit<70% AND origin_egress>1000GiB/mo,14d,Canonical Signal Catalog query; Product Catalog rate_delta; Reconciler outcomes,Datadog;Cloudflare,CDN and origin egress rates,network.managed-service.same-provider-region-and-routing-domain,Manifest-driven integration + health probe + signal binding + backtest,Supported if listed metrics are available in Signal Catalog; native advisor rows can be imported as normalized Findings,Tune TTL/cache rules; baseline threshold as listed
BR-0250,"Low CDN cache hit ratio (FinOps, strict)",Network,CDN,FinOps,FinOps Basic Provider Registry + Signal Catalog,TierMove,P1,High,Medium,cache_hit_ratio;origin_egress_gib;cdn_cost,cache_hit<70% AND origin_egress>1000GiB/mo; strict mode adds 20% safety headroom,14d,Canonical Signal Catalog query; Product Catalog rate_delta; Reconciler outcomes,Datadog;Cloudflare,CDN and origin egress rates,network.managed-service.same-provider-region-and-routing-domain,Manifest-driven integration + health probe + signal binding + backtest,Supported if listed metrics are available in Signal Catalog; native advisor rows can be imported as normalized Findings,Tune TTL/cache rules; prod-safe threshold: require +20% stronger evidence and owner approval
BR-0251,"Container CPU request overprovision (AWS, standard)",Containers,Kubernetes,AWS,AWS Compute Optimizer / Cost Optimization Hub / Trusted Advisor,RightsizeSku,P0,Very High,Medium,cpu_request_mcores;p95_cpu_usage_mcores;restart_count,p95_usage<50% request AND restart_count stable,7d,CloudWatch; Compute Optimizer; Cost Explorer; CUR; Pricing API,Kubecost;Datadog;Cloudability,node cost allocation; target request,container.k8s.same-node-pool-architecture,IAM cross-account role + CUR + CloudWatch/ComputeOptimizer read,Supported if listed metrics are available in Signal Catalog; native advisor rows can be imported as normalized Findings,Healthy efficiency target around 65%+; baseline threshold as listed
BR-0252,"Container CPU request overprovision (AWS, strict)",Containers,Kubernetes,AWS,AWS Compute Optimizer / Cost Optimization Hub / Trusted Advisor,RightsizeSku,P0,Very High,Medium,cpu_request_mcores;p95_cpu_usage_mcores;restart_count,p95_usage<50% request AND restart_count stable; strict mode adds 20% safety headroom,7d,CloudWatch; Compute Optimizer; Cost Explorer; CUR; Pricing API,Kubecost;Datadog;Cloudability,node cost allocation; target request,container.k8s.same-node-pool-architecture,IAM cross-account role + CUR + CloudWatch/ComputeOptimizer read,Supported if listed metrics are available in Signal Catalog; native advisor rows can be imported as normalized Findings,Healthy efficiency target around 65%+; prod-safe threshold: require +20% stronger evidence and owner approval
BR-0253,"Container CPU request overprovision (Azure, standard)",Containers,Kubernetes,Azure,Azure Advisor / Azure Monitor / Cost Management,RightsizeSku,P0,Very High,Medium,cpu_request_mcores;p95_cpu_usage_mcores;restart_count,p95_usage<50% request AND restart_count stable,7d,Advisor API; Azure Monitor; Resource Graph; Cost Export; Retail Prices API,Kubecost;Datadog;Cloudability,node cost allocation; target request,container.k8s.same-node-pool-architecture,App Registration SPN + Reader/Monitoring Reader/Cost Reader/Advisor Reader,Supported if listed metrics are available in Signal Catalog; native advisor rows can be imported as normalized Findings,Healthy efficiency target around 65%+; baseline threshold as listed
BR-0254,"Container CPU request overprovision (Azure, strict)",Containers,Kubernetes,Azure,Azure Advisor / Azure Monitor / Cost Management,RightsizeSku,P0,Very High,Medium,cpu_request_mcores;p95_cpu_usage_mcores;restart_count,p95_usage<50% request AND restart_count stable; strict mode adds 20% safety headroom,7d,Advisor API; Azure Monitor; Resource Graph; Cost Export; Retail Prices API,Kubecost;Datadog;Cloudability,node cost allocation; target request,container.k8s.same-node-pool-architecture,App Registration SPN + Reader/Monitoring Reader/Cost Reader/Advisor Reader,Supported if listed metrics are available in Signal Catalog; native advisor rows can be imported as normalized Findings,Healthy efficiency target around 65%+; prod-safe threshold: require +20% stronger evidence and owner approval
BR-0255,"Container CPU request overprovision (GCP, standard)",Containers,Kubernetes,GCP,Google Cloud Recommender / Monitoring / Billing Export,RightsizeSku,P0,Very High,Medium,cpu_request_mcores;p95_cpu_usage_mcores;restart_count,p95_usage<50% request AND restart_count stable,7d,Recommender API; Cloud Monitoring; Cloud Asset Inventory; BigQuery Billing Export; Cloud Billing Catalog,Kubecost;Datadog;Cloudability,node cost allocation; target request,container.k8s.same-node-pool-architecture,Service account or WIF + recommender/monitoring/asset/billing export access,Supported if listed metrics are available in Signal Catalog; native advisor rows can be imported as normalized Findings,Healthy efficiency target around 65%+; baseline threshold as listed
BR-0256,"Container CPU request overprovision (GCP, strict)",Containers,Kubernetes,GCP,Google Cloud Recommender / Monitoring / Billing Export,RightsizeSku,P0,Very High,Medium,cpu_request_mcores;p95_cpu_usage_mcores;restart_count,p95_usage<50% request AND restart_count stable; strict mode adds 20% safety headroom,7d,Recommender API; Cloud Monitoring; Cloud Asset Inventory; BigQuery Billing Export; Cloud Billing Catalog,Kubecost;Datadog;Cloudability,node cost allocation; target request,container.k8s.same-node-pool-architecture,Service account or WIF + recommender/monitoring/asset/billing export access,Supported if listed metrics are available in Signal Catalog; native advisor rows can be imported as normalized Findings,Healthy efficiency target around 65%+; prod-safe threshold: require +20% stronger evidence and owner approval
BR-0257,"Container CPU request overprovision (SaaS, standard)",Containers,Kubernetes,SaaS,CloudHealth / Cloudability / Densify / Datadog / Kubecost / Spot.io / Flexera,RightsizeSku,P0,Very High,Medium,cpu_request_mcores;p95_cpu_usage_mcores;restart_count,p95_usage<50% request AND restart_count stable,7d,SaaS REST APIs; exports; webhooks; collectors,Kubecost;Datadog;Cloudability,node cost allocation; target request,container.k8s.same-node-pool-architecture,API token + account/cluster/resource mapping to FinOps Signal Catalog,Supported if listed metrics are available in Signal Catalog; native advisor rows can be imported as normalized Findings,Healthy efficiency target around 65%+; baseline threshold as listed
BR-0258,"Container CPU request overprovision (SaaS, strict)",Containers,Kubernetes,SaaS,CloudHealth / Cloudability / Densify / Datadog / Kubecost / Spot.io / Flexera,RightsizeSku,P0,Very High,Medium,cpu_request_mcores;p95_cpu_usage_mcores;restart_count,p95_usage<50% request AND restart_count stable; strict mode adds 20% safety headroom,7d,SaaS REST APIs; exports; webhooks; collectors,Kubecost;Datadog;Cloudability,node cost allocation; target request,container.k8s.same-node-pool-architecture,API token + account/cluster/resource mapping to FinOps Signal Catalog,Supported if listed metrics are available in Signal Catalog; native advisor rows can be imported as normalized Findings,Healthy efficiency target around 65%+; prod-safe threshold: require +20% stronger evidence and owner approval
BR-0259,"Container CPU request overprovision (FinOps, standard)",Containers,Kubernetes,FinOps,FinOps Basic Provider Registry + Signal Catalog,RightsizeSku,P0,Very High,Medium,cpu_request_mcores;p95_cpu_usage_mcores;restart_count,p95_usage<50% request AND restart_count stable,7d,Canonical Signal Catalog query; Product Catalog rate_delta; Reconciler outcomes,Kubecost;Datadog;Cloudability,node cost allocation; target request,container.k8s.same-node-pool-architecture,Manifest-driven integration + health probe + signal binding + backtest,Supported if listed metrics are available in Signal Catalog; native advisor rows can be imported as normalized Findings,Healthy efficiency target around 65%+; baseline threshold as listed
BR-0260,"Container CPU request overprovision (FinOps, strict)",Containers,Kubernetes,FinOps,FinOps Basic Provider Registry + Signal Catalog,RightsizeSku,P0,Very High,Medium,cpu_request_mcores;p95_cpu_usage_mcores;restart_count,p95_usage<50% request AND restart_count stable; strict mode adds 20% safety headroom,7d,Canonical Signal Catalog query; Product Catalog rate_delta; Reconciler outcomes,Kubecost;Datadog;Cloudability,node cost allocation; target request,container.k8s.same-node-pool-architecture,Manifest-driven integration + health probe + signal binding + backtest,Supported if listed metrics are available in Signal Catalog; native advisor rows can be imported as normalized Findings,Healthy efficiency target around 65%+; prod-safe threshold: require +20% stronger evidence and owner approval
BR-0261,"Container memory request overprovision (AWS, standard)",Containers,Kubernetes,AWS,AWS Compute Optimizer / Cost Optimization Hub / Trusted Advisor,RightsizeSku,P0,Very High,Medium,memory_request_mib;p95_memory_usage_mib;oom_kills,p95_usage<60% request AND oom_kills=0,7d,CloudWatch; Compute Optimizer; Cost Explorer; CUR; Pricing API,Kubecost;Datadog,node allocation and target request,container.k8s.same-node-pool-architecture,IAM cross-account role + CUR + CloudWatch/ComputeOptimizer read,Supported if listed metrics are available in Signal Catalog; native advisor rows can be imported as normalized Findings,Set request to p95 plus headroom; baseline threshold as listed
BR-0262,"Container memory request overprovision (AWS, strict)",Containers,Kubernetes,AWS,AWS Compute Optimizer / Cost Optimization Hub / Trusted Advisor,RightsizeSku,P0,Very High,Medium,memory_request_mib;p95_memory_usage_mib;oom_kills,p95_usage<60% request AND oom_kills=0; strict mode adds 20% safety headroom,7d,CloudWatch; Compute Optimizer; Cost Explorer; CUR; Pricing API,Kubecost;Datadog,node allocation and target request,container.k8s.same-node-pool-architecture,IAM cross-account role + CUR + CloudWatch/ComputeOptimizer read,Supported if listed metrics are available in Signal Catalog; native advisor rows can be imported as normalized Findings,Set request to p95 plus headroom; prod-safe threshold: require +20% stronger evidence and owner approval
BR-0263,"Container memory request overprovision (Azure, standard)",Containers,Kubernetes,Azure,Azure Advisor / Azure Monitor / Cost Management,RightsizeSku,P0,Very High,Medium,memory_request_mib;p95_memory_usage_mib;oom_kills,p95_usage<60% request AND oom_kills=0,7d,Advisor API; Azure Monitor; Resource Graph; Cost Export; Retail Prices API,Kubecost;Datadog,node allocation and target request,container.k8s.same-node-pool-architecture,App Registration SPN + Reader/Monitoring Reader/Cost Reader/Advisor Reader,Supported if listed metrics are available in Signal Catalog; native advisor rows can be imported as normalized Findings,Set request to p95 plus headroom; baseline threshold as listed
BR-0264,"Container memory request overprovision (Azure, strict)",Containers,Kubernetes,Azure,Azure Advisor / Azure Monitor / Cost Management,RightsizeSku,P0,Very High,Medium,memory_request_mib;p95_memory_usage_mib;oom_kills,p95_usage<60% request AND oom_kills=0; strict mode adds 20% safety headroom,7d,Advisor API; Azure Monitor; Resource Graph; Cost Export; Retail Prices API,Kubecost;Datadog,node allocation and target request,container.k8s.same-node-pool-architecture,App Registration SPN + Reader/Monitoring Reader/Cost Reader/Advisor Reader,Supported if listed metrics are available in Signal Catalog; native advisor rows can be imported as normalized Findings,Set request to p95 plus headroom; prod-safe threshold: require +20% stronger evidence and owner approval
BR-0265,"Container memory request overprovision (GCP, standard)",Containers,Kubernetes,GCP,Google Cloud Recommender / Monitoring / Billing Export,RightsizeSku,P0,Very High,Medium,memory_request_mib;p95_memory_usage_mib;oom_kills,p95_usage<60% request AND oom_kills=0,7d,Recommender API; Cloud Monitoring; Cloud Asset Inventory; BigQuery Billing Export; Cloud Billing Catalog,Kubecost;Datadog,node allocation and target request,container.k8s.same-node-pool-architecture,Service account or WIF + recommender/monitoring/asset/billing export access,Supported if listed metrics are available in Signal Catalog; native advisor rows can be imported as normalized Findings,Set request to p95 plus headroom; baseline threshold as listed
BR-0266,"Container memory request overprovision (GCP, strict)",Containers,Kubernetes,GCP,Google Cloud Recommender / Monitoring / Billing Export,RightsizeSku,P0,Very High,Medium,memory_request_mib;p95_memory_usage_mib;oom_kills,p95_usage<60% request AND oom_kills=0; strict mode adds 20% safety headroom,7d,Recommender API; Cloud Monitoring; Cloud Asset Inventory; BigQuery Billing Export; Cloud Billing Catalog,Kubecost;Datadog,node allocation and target request,container.k8s.same-node-pool-architecture,Service account or WIF + recommender/monitoring/asset/billing export access,Supported if listed metrics are available in Signal Catalog; native advisor rows can be imported as normalized Findings,Set request to p95 plus headroom; prod-safe threshold: require +20% stronger evidence and owner approval
BR-0267,"Container memory request overprovision (SaaS, standard)",Containers,Kubernetes,SaaS,CloudHealth / Cloudability / Densify / Datadog / Kubecost / Spot.io / Flexera,RightsizeSku,P0,Very High,Medium,memory_request_mib;p95_memory_usage_mib;oom_kills,p95_usage<60% request AND oom_kills=0,7d,SaaS REST APIs; exports; webhooks; collectors,Kubecost;Datadog,node allocation and target request,container.k8s.same-node-pool-architecture,API token + account/cluster/resource mapping to FinOps Signal Catalog,Supported if listed metrics are available in Signal Catalog; native advisor rows can be imported as normalized Findings,Set request to p95 plus headroom; baseline threshold as listed
BR-0268,"Container memory request overprovision (SaaS, strict)",Containers,Kubernetes,SaaS,CloudHealth / Cloudability / Densify / Datadog / Kubecost / Spot.io / Flexera,RightsizeSku,P0,Very High,Medium,memory_request_mib;p95_memory_usage_mib;oom_kills,p95_usage<60% request AND oom_kills=0; strict mode adds 20% safety headroom,7d,SaaS REST APIs; exports; webhooks; collectors,Kubecost;Datadog,node allocation and target request,container.k8s.same-node-pool-architecture,API token + account/cluster/resource mapping to FinOps Signal Catalog,Supported if listed metrics are available in Signal Catalog; native advisor rows can be imported as normalized Findings,Set request to p95 plus headroom; prod-safe threshold: require +20% stronger evidence and owner approval
BR-0269,"Container memory request overprovision (FinOps, standard)",Containers,Kubernetes,FinOps,FinOps Basic Provider Registry + Signal Catalog,RightsizeSku,P0,Very High,Medium,memory_request_mib;p95_memory_usage_mib;oom_kills,p95_usage<60% request AND oom_kills=0,7d,Canonical Signal Catalog query; Product Catalog rate_delta; Reconciler outcomes,Kubecost;Datadog,node allocation and target request,container.k8s.same-node-pool-architecture,Manifest-driven integration + health probe + signal binding + backtest,Supported if listed metrics are available in Signal Catalog; native advisor rows can be imported as normalized Findings,Set request to p95 plus headroom; baseline threshold as listed
BR-0270,"Container memory request overprovision (FinOps, strict)",Containers,Kubernetes,FinOps,FinOps Basic Provider Registry + Signal Catalog,RightsizeSku,P0,Very High,Medium,memory_request_mib;p95_memory_usage_mib;oom_kills,p95_usage<60% request AND oom_kills=0; strict mode adds 20% safety headroom,7d,Canonical Signal Catalog query; Product Catalog rate_delta; Reconciler outcomes,Kubecost;Datadog,node allocation and target request,container.k8s.same-node-pool-architecture,Manifest-driven integration + health probe + signal binding + backtest,Supported if listed metrics are available in Signal Catalog; native advisor rows can be imported as normalized Findings,Set request to p95 plus headroom; prod-safe threshold: require +20% stronger evidence and owner approval
BR-0271,"Idle namespace turndown (AWS, standard)",Containers,Kubernetes,AWS,AWS Compute Optimizer / Cost Optimization Hub / Trusted Advisor,SchedulePause,P0,High,Low,namespace_cost;pod_count;cpu_usage_pct,namespace_cost>$100/mo AND avg_cpu<5%,14d,CloudWatch; Compute Optimizer; Cost Explorer; CUR; Pricing API,Kubecost;Cloudability,namespace allocation cost,container.k8s.same-node-pool-architecture,IAM cross-account role + CUR + CloudWatch/ComputeOptimizer read,Supported if listed metrics are available in Signal Catalog; native advisor rows can be imported as normalized Findings,Turndown non-prod namespace; baseline threshold as listed
BR-0272,"Idle namespace turndown (AWS, strict)",Containers,Kubernetes,AWS,AWS Compute Optimizer / Cost Optimization Hub / Trusted Advisor,SchedulePause,P0,High,Low,namespace_cost;pod_count;cpu_usage_pct,namespace_cost>$100/mo AND avg_cpu<5%; strict mode adds 20% safety headroom,14d,CloudWatch; Compute Optimizer; Cost Explorer; CUR; Pricing API,Kubecost;Cloudability,namespace allocation cost,container.k8s.same-node-pool-architecture,IAM cross-account role + CUR + CloudWatch/ComputeOptimizer read,Supported if listed metrics are available in Signal Catalog; native advisor rows can be imported as normalized Findings,Turndown non-prod namespace; prod-safe threshold: require +20% stronger evidence and owner approval
BR-0273,"Idle namespace turndown (Azure, standard)",Containers,Kubernetes,Azure,Azure Advisor / Azure Monitor / Cost Management,SchedulePause,P0,High,Low,namespace_cost;pod_count;cpu_usage_pct,namespace_cost>$100/mo AND avg_cpu<5%,14d,Advisor API; Azure Monitor; Resource Graph; Cost Export; Retail Prices API,Kubecost;Cloudability,namespace allocation cost,container.k8s.same-node-pool-architecture,App Registration SPN + Reader/Monitoring Reader/Cost Reader/Advisor Reader,Supported if listed metrics are available in Signal Catalog; native advisor rows can be imported as normalized Findings,Turndown non-prod namespace; baseline threshold as listed
BR-0274,"Idle namespace turndown (Azure, strict)",Containers,Kubernetes,Azure,Azure Advisor / Azure Monitor / Cost Management,SchedulePause,P0,High,Low,namespace_cost;pod_count;cpu_usage_pct,namespace_cost>$100/mo AND avg_cpu<5%; strict mode adds 20% safety headroom,14d,Advisor API; Azure Monitor; Resource Graph; Cost Export; Retail Prices API,Kubecost;Cloudability,namespace allocation cost,container.k8s.same-node-pool-architecture,App Registration SPN + Reader/Monitoring Reader/Cost Reader/Advisor Reader,Supported if listed metrics are available in Signal Catalog; native advisor rows can be imported as normalized Findings,Turndown non-prod namespace; prod-safe threshold: require +20% stronger evidence and owner approval
BR-0275,"Idle namespace turndown (GCP, standard)",Containers,Kubernetes,GCP,Google Cloud Recommender / Monitoring / Billing Export,SchedulePause,P0,High,Low,namespace_cost;pod_count;cpu_usage_pct,namespace_cost>$100/mo AND avg_cpu<5%,14d,Recommender API; Cloud Monitoring; Cloud Asset Inventory; BigQuery Billing Export; Cloud Billing Catalog,Kubecost;Cloudability,namespace allocation cost,container.k8s.same-node-pool-architecture,Service account or WIF + recommender/monitoring/asset/billing export access,Supported if listed metrics are available in Signal Catalog; native advisor rows can be imported as normalized Findings,Turndown non-prod namespace; baseline threshold as listed
BR-0276,"Idle namespace turndown (GCP, strict)",Containers,Kubernetes,GCP,Google Cloud Recommender / Monitoring / Billing Export,SchedulePause,P0,High,Low,namespace_cost;pod_count;cpu_usage_pct,namespace_cost>$100/mo AND avg_cpu<5%; strict mode adds 20% safety headroom,14d,Recommender API; Cloud Monitoring; Cloud Asset Inventory; BigQuery Billing Export; Cloud Billing Catalog,Kubecost;Cloudability,namespace allocation cost,container.k8s.same-node-pool-architecture,Service account or WIF + recommender/monitoring/asset/billing export access,Supported if listed metrics are available in Signal Catalog; native advisor rows can be imported as normalized Findings,Turndown non-prod namespace; prod-safe threshold: require +20% stronger evidence and owner approval
BR-0277,"Idle namespace turndown (SaaS, standard)",Containers,Kubernetes,SaaS,CloudHealth / Cloudability / Densify / Datadog / Kubecost / Spot.io / Flexera,SchedulePause,P0,High,Low,namespace_cost;pod_count;cpu_usage_pct,namespace_cost>$100/mo AND avg_cpu<5%,14d,SaaS REST APIs; exports; webhooks; collectors,Kubecost;Cloudability,namespace allocation cost,container.k8s.same-node-pool-architecture,API token + account/cluster/resource mapping to FinOps Signal Catalog,Supported if listed metrics are available in Signal Catalog; native advisor rows can be imported as normalized Findings,Turndown non-prod namespace; baseline threshold as listed
BR-0278,"Idle namespace turndown (SaaS, strict)",Containers,Kubernetes,SaaS,CloudHealth / Cloudability / Densify / Datadog / Kubecost / Spot.io / Flexera,SchedulePause,P0,High,Low,namespace_cost;pod_count;cpu_usage_pct,namespace_cost>$100/mo AND avg_cpu<5%; strict mode adds 20% safety headroom,14d,SaaS REST APIs; exports; webhooks; collectors,Kubecost;Cloudability,namespace allocation cost,container.k8s.same-node-pool-architecture,API token + account/cluster/resource mapping to FinOps Signal Catalog,Supported if listed metrics are available in Signal Catalog; native advisor rows can be imported as normalized Findings,Turndown non-prod namespace; prod-safe threshold: require +20% stronger evidence and owner approval
BR-0279,"Idle namespace turndown (FinOps, standard)",Containers,Kubernetes,FinOps,FinOps Basic Provider Registry + Signal Catalog,SchedulePause,P0,High,Low,namespace_cost;pod_count;cpu_usage_pct,namespace_cost>$100/mo AND avg_cpu<5%,14d,Canonical Signal Catalog query; Product Catalog rate_delta; Reconciler outcomes,Kubecost;Cloudability,namespace allocation cost,container.k8s.same-node-pool-architecture,Manifest-driven integration + health probe + signal binding + backtest,Supported if listed metrics are available in Signal Catalog; native advisor rows can be imported as normalized Findings,Turndown non-prod namespace; baseline threshold as listed
BR-0280,"Idle namespace turndown (FinOps, strict)",Containers,Kubernetes,FinOps,FinOps Basic Provider Registry + Signal Catalog,SchedulePause,P0,High,Low,namespace_cost;pod_count;cpu_usage_pct,namespace_cost>$100/mo AND avg_cpu<5%; strict mode adds 20% safety headroom,14d,Canonical Signal Catalog query; Product Catalog rate_delta; Reconciler outcomes,Kubecost;Cloudability,namespace allocation cost,container.k8s.same-node-pool-architecture,Manifest-driven integration + health probe + signal binding + backtest,Supported if listed metrics are available in Signal Catalog; native advisor rows can be imported as normalized Findings,Turndown non-prod namespace; prod-safe threshold: require +20% stronger evidence and owner approval
BR-0281,"Idle node pool (AWS, standard)",Containers,Kubernetes,AWS,AWS Compute Optimizer / Cost Optimization Hub / Trusted Advisor,RightsizeSku,P0,High,Medium,node_allocated_pct;node_idle_cost;pending_pods,allocated<35% AND pending_pods=0,7d,CloudWatch; Compute Optimizer; Cost Explorer; CUR; Pricing API,Datadog;Kubecost,node SKU price,container.k8s.same-node-pool-architecture,IAM cross-account role + CUR + CloudWatch/ComputeOptimizer read,Supported if listed metrics are available in Signal Catalog; native advisor rows can be imported as normalized Findings,Lower node count/rightsize pool; baseline threshold as listed
BR-0282,"Idle node pool (AWS, strict)",Containers,Kubernetes,AWS,AWS Compute Optimizer / Cost Optimization Hub / Trusted Advisor,RightsizeSku,P0,High,Medium,node_allocated_pct;node_idle_cost;pending_pods,allocated<35% AND pending_pods=0; strict mode adds 20% safety headroom,7d,CloudWatch; Compute Optimizer; Cost Explorer; CUR; Pricing API,Datadog;Kubecost,node SKU price,container.k8s.same-node-pool-architecture,IAM cross-account role + CUR + CloudWatch/ComputeOptimizer read,Supported if listed metrics are available in Signal Catalog; native advisor rows can be imported as normalized Findings,Lower node count/rightsize pool; prod-safe threshold: require +20% stronger evidence and owner approval
BR-0283,"Idle node pool (Azure, standard)",Containers,Kubernetes,Azure,Azure Advisor / Azure Monitor / Cost Management,RightsizeSku,P0,High,Medium,node_allocated_pct;node_idle_cost;pending_pods,allocated<35% AND pending_pods=0,7d,Advisor API; Azure Monitor; Resource Graph; Cost Export; Retail Prices API,Datadog;Kubecost,node SKU price,container.k8s.same-node-pool-architecture,App Registration SPN + Reader/Monitoring Reader/Cost Reader/Advisor Reader,Supported if listed metrics are available in Signal Catalog; native advisor rows can be imported as normalized Findings,Lower node count/rightsize pool; baseline threshold as listed
BR-0284,"Idle node pool (Azure, strict)",Containers,Kubernetes,Azure,Azure Advisor / Azure Monitor / Cost Management,RightsizeSku,P0,High,Medium,node_allocated_pct;node_idle_cost;pending_pods,allocated<35% AND pending_pods=0; strict mode adds 20% safety headroom,7d,Advisor API; Azure Monitor; Resource Graph; Cost Export; Retail Prices API,Datadog;Kubecost,node SKU price,container.k8s.same-node-pool-architecture,App Registration SPN + Reader/Monitoring Reader/Cost Reader/Advisor Reader,Supported if listed metrics are available in Signal Catalog; native advisor rows can be imported as normalized Findings,Lower node count/rightsize pool; prod-safe threshold: require +20% stronger evidence and owner approval
BR-0285,"Idle node pool (GCP, standard)",Containers,Kubernetes,GCP,Google Cloud Recommender / Monitoring / Billing Export,RightsizeSku,P0,High,Medium,node_allocated_pct;node_idle_cost;pending_pods,allocated<35% AND pending_pods=0,7d,Recommender API; Cloud Monitoring; Cloud Asset Inventory; BigQuery Billing Export; Cloud Billing Catalog,Datadog;Kubecost,node SKU price,container.k8s.same-node-pool-architecture,Service account or WIF + recommender/monitoring/asset/billing export access,Supported if listed metrics are available in Signal Catalog; native advisor rows can be imported as normalized Findings,Lower node count/rightsize pool; baseline threshold as listed
BR-0286,"Idle node pool (GCP, strict)",Containers,Kubernetes,GCP,Google Cloud Recommender / Monitoring / Billing Export,RightsizeSku,P0,High,Medium,node_allocated_pct;node_idle_cost;pending_pods,allocated<35% AND pending_pods=0; strict mode adds 20% safety headroom,7d,Recommender API; Cloud Monitoring; Cloud Asset Inventory; BigQuery Billing Export; Cloud Billing Catalog,Datadog;Kubecost,node SKU price,container.k8s.same-node-pool-architecture,Service account or WIF + recommender/monitoring/asset/billing export access,Supported if listed metrics are available in Signal Catalog; native advisor rows can be imported as normalized Findings,Lower node count/rightsize pool; prod-safe threshold: require +20% stronger evidence and owner approval
BR-0287,"Idle node pool (SaaS, standard)",Containers,Kubernetes,SaaS,CloudHealth / Cloudability / Densify / Datadog / Kubecost / Spot.io / Flexera,RightsizeSku,P0,High,Medium,node_allocated_pct;node_idle_cost;pending_pods,allocated<35% AND pending_pods=0,7d,SaaS REST APIs; exports; webhooks; collectors,Datadog;Kubecost,node SKU price,container.k8s.same-node-pool-architecture,API token + account/cluster/resource mapping to FinOps Signal Catalog,Supported if listed metrics are available in Signal Catalog; native advisor rows can be imported as normalized Findings,Lower node count/rightsize pool; baseline threshold as listed
BR-0288,"Idle node pool (SaaS, strict)",Containers,Kubernetes,SaaS,CloudHealth / Cloudability / Densify / Datadog / Kubecost / Spot.io / Flexera,RightsizeSku,P0,High,Medium,node_allocated_pct;node_idle_cost;pending_pods,allocated<35% AND pending_pods=0; strict mode adds 20% safety headroom,7d,SaaS REST APIs; exports; webhooks; collectors,Datadog;Kubecost,node SKU price,container.k8s.same-node-pool-architecture,API token + account/cluster/resource mapping to FinOps Signal Catalog,Supported if listed metrics are available in Signal Catalog; native advisor rows can be imported as normalized Findings,Lower node count/rightsize pool; prod-safe threshold: require +20% stronger evidence and owner approval
BR-0289,"Idle node pool (FinOps, standard)",Containers,Kubernetes,FinOps,FinOps Basic Provider Registry + Signal Catalog,RightsizeSku,P0,High,Medium,node_allocated_pct;node_idle_cost;pending_pods,allocated<35% AND pending_pods=0,7d,Canonical Signal Catalog query; Product Catalog rate_delta; Reconciler outcomes,Datadog;Kubecost,node SKU price,container.k8s.same-node-pool-architecture,Manifest-driven integration + health probe + signal binding + backtest,Supported if listed metrics are available in Signal Catalog; native advisor rows can be imported as normalized Findings,Lower node count/rightsize pool; baseline threshold as listed
BR-0290,"Idle node pool (FinOps, strict)",Containers,Kubernetes,FinOps,FinOps Basic Provider Registry + Signal Catalog,RightsizeSku,P0,High,Medium,node_allocated_pct;node_idle_cost;pending_pods,allocated<35% AND pending_pods=0; strict mode adds 20% safety headroom,7d,Canonical Signal Catalog query; Product Catalog rate_delta; Reconciler outcomes,Datadog;Kubecost,node SKU price,container.k8s.same-node-pool-architecture,Manifest-driven integration + health probe + signal binding + backtest,Supported if listed metrics are available in Signal Catalog; native advisor rows can be imported as normalized Findings,Lower node count/rightsize pool; prod-safe threshold: require +20% stronger evidence and owner approval
BR-0291,"PVC orphaned (AWS, standard)",Containers,Kubernetes,AWS,AWS Compute Optimizer / Cost Optimization Hub / Trusted Advisor,DeleteOrphan,P0,High,Low,pvc_bound;pod_reference;last_mount_days,not bound OR last_mount>30d,30d,CloudWatch; Compute Optimizer; Cost Explorer; CUR; Pricing API,Kubecost,PVC storage class rate,container.k8s.same-node-pool-architecture,IAM cross-account role + CUR + CloudWatch/ComputeOptimizer read,Supported if listed metrics are available in Signal Catalog; native advisor rows can be imported as normalized Findings,Snapshot before delete; baseline threshold as listed
BR-0292,"PVC orphaned (AWS, strict)",Containers,Kubernetes,AWS,AWS Compute Optimizer / Cost Optimization Hub / Trusted Advisor,DeleteOrphan,P0,High,Low,pvc_bound;pod_reference;last_mount_days,not bound OR last_mount>30d; strict mode adds 20% safety headroom,30d,CloudWatch; Compute Optimizer; Cost Explorer; CUR; Pricing API,Kubecost,PVC storage class rate,container.k8s.same-node-pool-architecture,IAM cross-account role + CUR + CloudWatch/ComputeOptimizer read,Supported if listed metrics are available in Signal Catalog; native advisor rows can be imported as normalized Findings,Snapshot before delete; prod-safe threshold: require +20% stronger evidence and owner approval
BR-0293,"PVC orphaned (Azure, standard)",Containers,Kubernetes,Azure,Azure Advisor / Azure Monitor / Cost Management,DeleteOrphan,P0,High,Low,pvc_bound;pod_reference;last_mount_days,not bound OR last_mount>30d,30d,Advisor API; Azure Monitor; Resource Graph; Cost Export; Retail Prices API,Kubecost,PVC storage class rate,container.k8s.same-node-pool-architecture,App Registration SPN + Reader/Monitoring Reader/Cost Reader/Advisor Reader,Supported if listed metrics are available in Signal Catalog; native advisor rows can be imported as normalized Findings,Snapshot before delete; baseline threshold as listed
BR-0294,"PVC orphaned (Azure, strict)",Containers,Kubernetes,Azure,Azure Advisor / Azure Monitor / Cost Management,DeleteOrphan,P0,High,Low,pvc_bound;pod_reference;last_mount_days,not bound OR last_mount>30d; strict mode adds 20% safety headroom,30d,Advisor API; Azure Monitor; Resource Graph; Cost Export; Retail Prices API,Kubecost,PVC storage class rate,container.k8s.same-node-pool-architecture,App Registration SPN + Reader/Monitoring Reader/Cost Reader/Advisor Reader,Supported if listed metrics are available in Signal Catalog; native advisor rows can be imported as normalized Findings,Snapshot before delete; prod-safe threshold: require +20% stronger evidence and owner approval
BR-0295,"PVC orphaned (GCP, standard)",Containers,Kubernetes,GCP,Google Cloud Recommender / Monitoring / Billing Export,DeleteOrphan,P0,High,Low,pvc_bound;pod_reference;last_mount_days,not bound OR last_mount>30d,30d,Recommender API; Cloud Monitoring; Cloud Asset Inventory; BigQuery Billing Export; Cloud Billing Catalog,Kubecost,PVC storage class rate,container.k8s.same-node-pool-architecture,Service account or WIF + recommender/monitoring/asset/billing export access,Supported if listed metrics are available in Signal Catalog; native advisor rows can be imported as normalized Findings,Snapshot before delete; baseline threshold as listed
BR-0296,"PVC orphaned (GCP, strict)",Containers,Kubernetes,GCP,Google Cloud Recommender / Monitoring / Billing Export,DeleteOrphan,P0,High,Low,pvc_bound;pod_reference;last_mount_days,not bound OR last_mount>30d; strict mode adds 20% safety headroom,30d,Recommender API; Cloud Monitoring; Cloud Asset Inventory; BigQuery Billing Export; Cloud Billing Catalog,Kubecost,PVC storage class rate,container.k8s.same-node-pool-architecture,Service account or WIF + recommender/monitoring/asset/billing export access,Supported if listed metrics are available in Signal Catalog; native advisor rows can be imported as normalized Findings,Snapshot before delete; prod-safe threshold: require +20% stronger evidence and owner approval
BR-0297,"PVC orphaned (SaaS, standard)",Containers,Kubernetes,SaaS,CloudHealth / Cloudability / Densify / Datadog / Kubecost / Spot.io / Flexera,DeleteOrphan,P0,High,Low,pvc_bound;pod_reference;last_mount_days,not bound OR last_mount>30d,30d,SaaS REST APIs; exports; webhooks; collectors,Kubecost,PVC storage class rate,container.k8s.same-node-pool-architecture,API token + account/cluster/resource mapping to FinOps Signal Catalog,Supported if listed metrics are available in Signal Catalog; native advisor rows can be imported as normalized Findings,Snapshot before delete; baseline threshold as listed
BR-0298,"PVC orphaned (SaaS, strict)",Containers,Kubernetes,SaaS,CloudHealth / Cloudability / Densify / Datadog / Kubecost / Spot.io / Flexera,DeleteOrphan,P0,High,Low,pvc_bound;pod_reference;last_mount_days,not bound OR last_mount>30d; strict mode adds 20% safety headroom,30d,SaaS REST APIs; exports; webhooks; collectors,Kubecost,PVC storage class rate,container.k8s.same-node-pool-architecture,API token + account/cluster/resource mapping to FinOps Signal Catalog,Supported if listed metrics are available in Signal Catalog; native advisor rows can be imported as normalized Findings,Snapshot before delete; prod-safe threshold: require +20% stronger evidence and owner approval
BR-0299,"PVC orphaned (FinOps, standard)",Containers,Kubernetes,FinOps,FinOps Basic Provider Registry + Signal Catalog,DeleteOrphan,P0,High,Low,pvc_bound;pod_reference;last_mount_days,not bound OR last_mount>30d,30d,Canonical Signal Catalog query; Product Catalog rate_delta; Reconciler outcomes,Kubecost,PVC storage class rate,container.k8s.same-node-pool-architecture,Manifest-driven integration + health probe + signal binding + backtest,Supported if listed metrics are available in Signal Catalog; native advisor rows can be imported as normalized Findings,Snapshot before delete; baseline threshold as listed
BR-0300,"PVC orphaned (FinOps, strict)",Containers,Kubernetes,FinOps,FinOps Basic Provider Registry + Signal Catalog,DeleteOrphan,P0,High,Low,pvc_bound;pod_reference;last_mount_days,not bound OR last_mount>30d; strict mode adds 20% safety headroom,30d,Canonical Signal Catalog query; Product Catalog rate_delta; Reconciler outcomes,Kubecost,PVC storage class rate,container.k8s.same-node-pool-architecture,Manifest-driven integration + health probe + signal binding + backtest,Supported if listed metrics are available in Signal Catalog; native advisor rows can be imported as normalized Findings,Snapshot before delete; prod-safe threshold: require +20% stronger evidence and owner approval
BR-0301,"Idle function (AWS, standard)",Serverless,Functions,AWS,AWS Compute Optimizer / Cost Optimization Hub / Trusted Advisor,DeleteOrphan,P1,Medium,Low,invocation_count;last_invoked_days;monthly_cost,invocations=0 AND last_invoked>30d,30d,CloudWatch; Compute Optimizer; Cost Explorer; CUR; Pricing API,CloudHealth;Datadog,request/duration rates,compute.serverless.same-runtime-plan,IAM cross-account role + CUR + CloudWatch/ComputeOptimizer read,Supported if listed metrics are available in Signal Catalog; native advisor rows can be imported as normalized Findings,Delete or archive function; baseline threshold as listed
BR-0302,"Idle function (AWS, strict)",Serverless,Functions,AWS,AWS Compute Optimizer / Cost Optimization Hub / Trusted Advisor,DeleteOrphan,P1,Medium,Low,invocation_count;last_invoked_days;monthly_cost,invocations=0 AND last_invoked>30d; strict mode adds 20% safety headroom,30d,CloudWatch; Compute Optimizer; Cost Explorer; CUR; Pricing API,CloudHealth;Datadog,request/duration rates,compute.serverless.same-runtime-plan,IAM cross-account role + CUR + CloudWatch/ComputeOptimizer read,Supported if listed metrics are available in Signal Catalog; native advisor rows can be imported as normalized Findings,Delete or archive function; prod-safe threshold: require +20% stronger evidence and owner approval
BR-0303,"Idle function (Azure, standard)",Serverless,Functions,Azure,Azure Advisor / Azure Monitor / Cost Management,DeleteOrphan,P1,Medium,Low,invocation_count;last_invoked_days;monthly_cost,invocations=0 AND last_invoked>30d,30d,Advisor API; Azure Monitor; Resource Graph; Cost Export; Retail Prices API,CloudHealth;Datadog,request/duration rates,compute.serverless.same-runtime-plan,App Registration SPN + Reader/Monitoring Reader/Cost Reader/Advisor Reader,Supported if listed metrics are available in Signal Catalog; native advisor rows can be imported as normalized Findings,Delete or archive function; baseline threshold as listed
BR-0304,"Idle function (Azure, strict)",Serverless,Functions,Azure,Azure Advisor / Azure Monitor / Cost Management,DeleteOrphan,P1,Medium,Low,invocation_count;last_invoked_days;monthly_cost,invocations=0 AND last_invoked>30d; strict mode adds 20% safety headroom,30d,Advisor API; Azure Monitor; Resource Graph; Cost Export; Retail Prices API,CloudHealth;Datadog,request/duration rates,compute.serverless.same-runtime-plan,App Registration SPN + Reader/Monitoring Reader/Cost Reader/Advisor Reader,Supported if listed metrics are available in Signal Catalog; native advisor rows can be imported as normalized Findings,Delete or archive function; prod-safe threshold: require +20% stronger evidence and owner approval
BR-0305,"Idle function (GCP, standard)",Serverless,Functions,GCP,Google Cloud Recommender / Monitoring / Billing Export,DeleteOrphan,P1,Medium,Low,invocation_count;last_invoked_days;monthly_cost,invocations=0 AND last_invoked>30d,30d,Recommender API; Cloud Monitoring; Cloud Asset Inventory; BigQuery Billing Export; Cloud Billing Catalog,CloudHealth;Datadog,request/duration rates,compute.serverless.same-runtime-plan,Service account or WIF + recommender/monitoring/asset/billing export access,Supported if listed metrics are available in Signal Catalog; native advisor rows can be imported as normalized Findings,Delete or archive function; baseline threshold as listed
BR-0306,"Idle function (GCP, strict)",Serverless,Functions,GCP,Google Cloud Recommender / Monitoring / Billing Export,DeleteOrphan,P1,Medium,Low,invocation_count;last_invoked_days;monthly_cost,invocations=0 AND last_invoked>30d; strict mode adds 20% safety headroom,30d,Recommender API; Cloud Monitoring; Cloud Asset Inventory; BigQuery Billing Export; Cloud Billing Catalog,CloudHealth;Datadog,request/duration rates,compute.serverless.same-runtime-plan,Service account or WIF + recommender/monitoring/asset/billing export access,Supported if listed metrics are available in Signal Catalog; native advisor rows can be imported as normalized Findings,Delete or archive function; prod-safe threshold: require +20% stronger evidence and owner approval
BR-0307,"Idle function (SaaS, standard)",Serverless,Functions,SaaS,CloudHealth / Cloudability / Densify / Datadog / Kubecost / Spot.io / Flexera,DeleteOrphan,P1,Medium,Low,invocation_count;last_invoked_days;monthly_cost,invocations=0 AND last_invoked>30d,30d,SaaS REST APIs; exports; webhooks; collectors,CloudHealth;Datadog,request/duration rates,compute.serverless.same-runtime-plan,API token + account/cluster/resource mapping to FinOps Signal Catalog,Supported if listed metrics are available in Signal Catalog; native advisor rows can be imported as normalized Findings,Delete or archive function; baseline threshold as listed
BR-0308,"Idle function (SaaS, strict)",Serverless,Functions,SaaS,CloudHealth / Cloudability / Densify / Datadog / Kubecost / Spot.io / Flexera,DeleteOrphan,P1,Medium,Low,invocation_count;last_invoked_days;monthly_cost,invocations=0 AND last_invoked>30d; strict mode adds 20% safety headroom,30d,SaaS REST APIs; exports; webhooks; collectors,CloudHealth;Datadog,request/duration rates,compute.serverless.same-runtime-plan,API token + account/cluster/resource mapping to FinOps Signal Catalog,Supported if listed metrics are available in Signal Catalog; native advisor rows can be imported as normalized Findings,Delete or archive function; prod-safe threshold: require +20% stronger evidence and owner approval
BR-0309,"Idle function (FinOps, standard)",Serverless,Functions,FinOps,FinOps Basic Provider Registry + Signal Catalog,DeleteOrphan,P1,Medium,Low,invocation_count;last_invoked_days;monthly_cost,invocations=0 AND last_invoked>30d,30d,Canonical Signal Catalog query; Product Catalog rate_delta; Reconciler outcomes,CloudHealth;Datadog,request/duration rates,compute.serverless.same-runtime-plan,Manifest-driven integration + health probe + signal binding + backtest,Supported if listed metrics are available in Signal Catalog; native advisor rows can be imported as normalized Findings,Delete or archive function; baseline threshold as listed
BR-0310,"Idle function (FinOps, strict)",Serverless,Functions,FinOps,FinOps Basic Provider Registry + Signal Catalog,DeleteOrphan,P1,Medium,Low,invocation_count;last_invoked_days;monthly_cost,invocations=0 AND last_invoked>30d; strict mode adds 20% safety headroom,30d,Canonical Signal Catalog query; Product Catalog rate_delta; Reconciler outcomes,CloudHealth;Datadog,request/duration rates,compute.serverless.same-runtime-plan,Manifest-driven integration + health probe + signal binding + backtest,Supported if listed metrics are available in Signal Catalog; native advisor rows can be imported as normalized Findings,Delete or archive function; prod-safe threshold: require +20% stronger evidence and owner approval
BR-0311,"Overprovisioned memory (AWS, standard)",Serverless,Functions,AWS,AWS Compute Optimizer / Cost Optimization Hub / Trusted Advisor,RightsizeSku,P0,High,Medium,configured_memory_mb;max_memory_used_mb;duration_ms,max_memory<50% configured AND duration increase<10%,14d,CloudWatch; Compute Optimizer; Cost Explorer; CUR; Pricing API,Compute Optimizer;Datadog,function memory price curve,compute.serverless.same-runtime-plan,IAM cross-account role + CUR + CloudWatch/ComputeOptimizer read,Supported if listed metrics are available in Signal Catalog; native advisor rows can be imported as normalized Findings,Right-size memory setting; baseline threshold as listed
BR-0312,"Overprovisioned memory (AWS, strict)",Serverless,Functions,AWS,AWS Compute Optimizer / Cost Optimization Hub / Trusted Advisor,RightsizeSku,P0,High,Medium,configured_memory_mb;max_memory_used_mb;duration_ms,max_memory<50% configured AND duration increase<10%; strict mode adds 20% safety headroom,14d,CloudWatch; Compute Optimizer; Cost Explorer; CUR; Pricing API,Compute Optimizer;Datadog,function memory price curve,compute.serverless.same-runtime-plan,IAM cross-account role + CUR + CloudWatch/ComputeOptimizer read,Supported if listed metrics are available in Signal Catalog; native advisor rows can be imported as normalized Findings,Right-size memory setting; prod-safe threshold: require +20% stronger evidence and owner approval
BR-0313,"Overprovisioned memory (Azure, standard)",Serverless,Functions,Azure,Azure Advisor / Azure Monitor / Cost Management,RightsizeSku,P0,High,Medium,configured_memory_mb;max_memory_used_mb;duration_ms,max_memory<50% configured AND duration increase<10%,14d,Advisor API; Azure Monitor; Resource Graph; Cost Export; Retail Prices API,Compute Optimizer;Datadog,function memory price curve,compute.serverless.same-runtime-plan,App Registration SPN + Reader/Monitoring Reader/Cost Reader/Advisor Reader,Supported if listed metrics are available in Signal Catalog; native advisor rows can be imported as normalized Findings,Right-size memory setting; baseline threshold as listed
BR-0314,"Overprovisioned memory (Azure, strict)",Serverless,Functions,Azure,Azure Advisor / Azure Monitor / Cost Management,RightsizeSku,P0,High,Medium,configured_memory_mb;max_memory_used_mb;duration_ms,max_memory<50% configured AND duration increase<10%; strict mode adds 20% safety headroom,14d,Advisor API; Azure Monitor; Resource Graph; Cost Export; Retail Prices API,Compute Optimizer;Datadog,function memory price curve,compute.serverless.same-runtime-plan,App Registration SPN + Reader/Monitoring Reader/Cost Reader/Advisor Reader,Supported if listed metrics are available in Signal Catalog; native advisor rows can be imported as normalized Findings,Right-size memory setting; prod-safe threshold: require +20% stronger evidence and owner approval
BR-0315,"Overprovisioned memory (GCP, standard)",Serverless,Functions,GCP,Google Cloud Recommender / Monitoring / Billing Export,RightsizeSku,P0,High,Medium,configured_memory_mb;max_memory_used_mb;duration_ms,max_memory<50% configured AND duration increase<10%,14d,Recommender API; Cloud Monitoring; Cloud Asset Inventory; BigQuery Billing Export; Cloud Billing Catalog,Compute Optimizer;Datadog,function memory price curve,compute.serverless.same-runtime-plan,Service account or WIF + recommender/monitoring/asset/billing export access,Supported if listed metrics are available in Signal Catalog; native advisor rows can be imported as normalized Findings,Right-size memory setting; baseline threshold as listed
BR-0316,"Overprovisioned memory (GCP, strict)",Serverless,Functions,GCP,Google Cloud Recommender / Monitoring / Billing Export,RightsizeSku,P0,High,Medium,configured_memory_mb;max_memory_used_mb;duration_ms,max_memory<50% configured AND duration increase<10%; strict mode adds 20% safety headroom,14d,Recommender API; Cloud Monitoring; Cloud Asset Inventory; BigQuery Billing Export; Cloud Billing Catalog,Compute Optimizer;Datadog,function memory price curve,compute.serverless.same-runtime-plan,Service account or WIF + recommender/monitoring/asset/billing export access,Supported if listed metrics are available in Signal Catalog; native advisor rows can be imported as normalized Findings,Right-size memory setting; prod-safe threshold: require +20% stronger evidence and owner approval
BR-0317,"Overprovisioned memory (SaaS, standard)",Serverless,Functions,SaaS,CloudHealth / Cloudability / Densify / Datadog / Kubecost / Spot.io / Flexera,RightsizeSku,P0,High,Medium,configured_memory_mb;max_memory_used_mb;duration_ms,max_memory<50% configured AND duration increase<10%,14d,SaaS REST APIs; exports; webhooks; collectors,Compute Optimizer;Datadog,function memory price curve,compute.serverless.same-runtime-plan,API token + account/cluster/resource mapping to FinOps Signal Catalog,Supported if listed metrics are available in Signal Catalog; native advisor rows can be imported as normalized Findings,Right-size memory setting; baseline threshold as listed
BR-0318,"Overprovisioned memory (SaaS, strict)",Serverless,Functions,SaaS,CloudHealth / Cloudability / Densify / Datadog / Kubecost / Spot.io / Flexera,RightsizeSku,P0,High,Medium,configured_memory_mb;max_memory_used_mb;duration_ms,max_memory<50% configured AND duration increase<10%; strict mode adds 20% safety headroom,14d,SaaS REST APIs; exports; webhooks; collectors,Compute Optimizer;Datadog,function memory price curve,compute.serverless.same-runtime-plan,API token + account/cluster/resource mapping to FinOps Signal Catalog,Supported if listed metrics are available in Signal Catalog; native advisor rows can be imported as normalized Findings,Right-size memory setting; prod-safe threshold: require +20% stronger evidence and owner approval
BR-0319,"Overprovisioned memory (FinOps, standard)",Serverless,Functions,FinOps,FinOps Basic Provider Registry + Signal Catalog,RightsizeSku,P0,High,Medium,configured_memory_mb;max_memory_used_mb;duration_ms,max_memory<50% configured AND duration increase<10%,14d,Canonical Signal Catalog query; Product Catalog rate_delta; Reconciler outcomes,Compute Optimizer;Datadog,function memory price curve,compute.serverless.same-runtime-plan,Manifest-driven integration + health probe + signal binding + backtest,Supported if listed metrics are available in Signal Catalog; native advisor rows can be imported as normalized Findings,Right-size memory setting; baseline threshold as listed
BR-0320,"Overprovisioned memory (FinOps, strict)",Serverless,Functions,FinOps,FinOps Basic Provider Registry + Signal Catalog,RightsizeSku,P0,High,Medium,configured_memory_mb;max_memory_used_mb;duration_ms,max_memory<50% configured AND duration increase<10%; strict mode adds 20% safety headroom,14d,Canonical Signal Catalog query; Product Catalog rate_delta; Reconciler outcomes,Compute Optimizer;Datadog,function memory price curve,compute.serverless.same-runtime-plan,Manifest-driven integration + health probe + signal binding + backtest,Supported if listed metrics are available in Signal Catalog; native advisor rows can be imported as normalized Findings,Right-size memory setting; prod-safe threshold: require +20% stronger evidence and owner approval
BR-0321,"Provisioned concurrency idle (AWS, standard)",Serverless,Functions,AWS,AWS Compute Optimizer / Cost Optimization Hub / Trusted Advisor,SchedulePause,P1,High,Medium,provisioned_concurrency;p95_concurrency;traffic_by_hour,p95_concurrency<50% provisioned,7d,CloudWatch; Compute Optimizer; Cost Explorer; CUR; Pricing API,Datadog,provisioned concurrency cost,compute.serverless.same-runtime-plan,IAM cross-account role + CUR + CloudWatch/ComputeOptimizer read,Supported if listed metrics are available in Signal Catalog; native advisor rows can be imported as normalized Findings,Lower or schedule provisioned concurrency; baseline threshold as listed
BR-0322,"Provisioned concurrency idle (AWS, strict)",Serverless,Functions,AWS,AWS Compute Optimizer / Cost Optimization Hub / Trusted Advisor,SchedulePause,P1,High,Medium,provisioned_concurrency;p95_concurrency;traffic_by_hour,p95_concurrency<50% provisioned; strict mode adds 20% safety headroom,7d,CloudWatch; Compute Optimizer; Cost Explorer; CUR; Pricing API,Datadog,provisioned concurrency cost,compute.serverless.same-runtime-plan,IAM cross-account role + CUR + CloudWatch/ComputeOptimizer read,Supported if listed metrics are available in Signal Catalog; native advisor rows can be imported as normalized Findings,Lower or schedule provisioned concurrency; prod-safe threshold: require +20% stronger evidence and owner approval
BR-0323,"Provisioned concurrency idle (Azure, standard)",Serverless,Functions,Azure,Azure Advisor / Azure Monitor / Cost Management,SchedulePause,P1,High,Medium,provisioned_concurrency;p95_concurrency;traffic_by_hour,p95_concurrency<50% provisioned,7d,Advisor API; Azure Monitor; Resource Graph; Cost Export; Retail Prices API,Datadog,provisioned concurrency cost,compute.serverless.same-runtime-plan,App Registration SPN + Reader/Monitoring Reader/Cost Reader/Advisor Reader,Supported if listed metrics are available in Signal Catalog; native advisor rows can be imported as normalized Findings,Lower or schedule provisioned concurrency; baseline threshold as listed
BR-0324,"Provisioned concurrency idle (Azure, strict)",Serverless,Functions,Azure,Azure Advisor / Azure Monitor / Cost Management,SchedulePause,P1,High,Medium,provisioned_concurrency;p95_concurrency;traffic_by_hour,p95_concurrency<50% provisioned; strict mode adds 20% safety headroom,7d,Advisor API; Azure Monitor; Resource Graph; Cost Export; Retail Prices API,Datadog,provisioned concurrency cost,compute.serverless.same-runtime-plan,App Registration SPN + Reader/Monitoring Reader/Cost Reader/Advisor Reader,Supported if listed metrics are available in Signal Catalog; native advisor rows can be imported as normalized Findings,Lower or schedule provisioned concurrency; prod-safe threshold: require +20% stronger evidence and owner approval
BR-0325,"Provisioned concurrency idle (GCP, standard)",Serverless,Functions,GCP,Google Cloud Recommender / Monitoring / Billing Export,SchedulePause,P1,High,Medium,provisioned_concurrency;p95_concurrency;traffic_by_hour,p95_concurrency<50% provisioned,7d,Recommender API; Cloud Monitoring; Cloud Asset Inventory; BigQuery Billing Export; Cloud Billing Catalog,Datadog,provisioned concurrency cost,compute.serverless.same-runtime-plan,Service account or WIF + recommender/monitoring/asset/billing export access,Supported if listed metrics are available in Signal Catalog; native advisor rows can be imported as normalized Findings,Lower or schedule provisioned concurrency; baseline threshold as listed
BR-0326,"Provisioned concurrency idle (GCP, strict)",Serverless,Functions,GCP,Google Cloud Recommender / Monitoring / Billing Export,SchedulePause,P1,High,Medium,provisioned_concurrency;p95_concurrency;traffic_by_hour,p95_concurrency<50% provisioned; strict mode adds 20% safety headroom,7d,Recommender API; Cloud Monitoring; Cloud Asset Inventory; BigQuery Billing Export; Cloud Billing Catalog,Datadog,provisioned concurrency cost,compute.serverless.same-runtime-plan,Service account or WIF + recommender/monitoring/asset/billing export access,Supported if listed metrics are available in Signal Catalog; native advisor rows can be imported as normalized Findings,Lower or schedule provisioned concurrency; prod-safe threshold: require +20% stronger evidence and owner approval
BR-0327,"Provisioned concurrency idle (SaaS, standard)",Serverless,Functions,SaaS,CloudHealth / Cloudability / Densify / Datadog / Kubecost / Spot.io / Flexera,SchedulePause,P1,High,Medium,provisioned_concurrency;p95_concurrency;traffic_by_hour,p95_concurrency<50% provisioned,7d,SaaS REST APIs; exports; webhooks; collectors,Datadog,provisioned concurrency cost,compute.serverless.same-runtime-plan,API token + account/cluster/resource mapping to FinOps Signal Catalog,Supported if listed metrics are available in Signal Catalog; native advisor rows can be imported as normalized Findings,Lower or schedule provisioned concurrency; baseline threshold as listed
BR-0328,"Provisioned concurrency idle (SaaS, strict)",Serverless,Functions,SaaS,CloudHealth / Cloudability / Densify / Datadog / Kubecost / Spot.io / Flexera,SchedulePause,P1,High,Medium,provisioned_concurrency;p95_concurrency;traffic_by_hour,p95_concurrency<50% provisioned; strict mode adds 20% safety headroom,7d,SaaS REST APIs; exports; webhooks; collectors,Datadog,provisioned concurrency cost,compute.serverless.same-runtime-plan,API token + account/cluster/resource mapping to FinOps Signal Catalog,Supported if listed metrics are available in Signal Catalog; native advisor rows can be imported as normalized Findings,Lower or schedule provisioned concurrency; prod-safe threshold: require +20% stronger evidence and owner approval
BR-0329,"Provisioned concurrency idle (FinOps, standard)",Serverless,Functions,FinOps,FinOps Basic Provider Registry + Signal Catalog,SchedulePause,P1,High,Medium,provisioned_concurrency;p95_concurrency;traffic_by_hour,p95_concurrency<50% provisioned,7d,Canonical Signal Catalog query; Product Catalog rate_delta; Reconciler outcomes,Datadog,provisioned concurrency cost,compute.serverless.same-runtime-plan,Manifest-driven integration + health probe + signal binding + backtest,Supported if listed metrics are available in Signal Catalog; native advisor rows can be imported as normalized Findings,Lower or schedule provisioned concurrency; baseline threshold as listed
BR-0330,"Provisioned concurrency idle (FinOps, strict)",Serverless,Functions,FinOps,FinOps Basic Provider Registry + Signal Catalog,SchedulePause,P1,High,Medium,provisioned_concurrency;p95_concurrency;traffic_by_hour,p95_concurrency<50% provisioned; strict mode adds 20% safety headroom,7d,Canonical Signal Catalog query; Product Catalog rate_delta; Reconciler outcomes,Datadog,provisioned concurrency cost,compute.serverless.same-runtime-plan,Manifest-driven integration + health probe + signal binding + backtest,Supported if listed metrics are available in Signal Catalog; native advisor rows can be imported as normalized Findings,Lower or schedule provisioned concurrency; prod-safe threshold: require +20% stronger evidence and owner approval
BR-0331,"Simple reservation coverage gap (AWS, standard)",Pricing,Commitments,AWS,AWS Compute Optimizer / Cost Optimization Hub / Trusted Advisor,CommitmentReview,P0,Very High,Medium,on_demand_hours;coverage_pct;usage_stability_pct,coverage<70% AND stability>80%,30d,CloudWatch; Compute Optimizer; Cost Explorer; CUR; Pricing API,Cloudability;CloudHealth,reserved vs on-demand rates,pricing.commitment.same-provider-region-family-and-os,IAM cross-account role + CUR + CloudWatch/ComputeOptimizer read,Supported if listed metrics are available in Signal Catalog; native advisor rows can be imported as normalized Findings,Basic flags/routes; portfolio optimizer is Advanced; baseline threshold as listed
BR-0332,"Simple reservation coverage gap (AWS, strict)",Pricing,Commitments,AWS,AWS Compute Optimizer / Cost Optimization Hub / Trusted Advisor,CommitmentReview,P0,Very High,Medium,on_demand_hours;coverage_pct;usage_stability_pct,coverage<70% AND stability>80%; strict mode adds 20% safety headroom,30d,CloudWatch; Compute Optimizer; Cost Explorer; CUR; Pricing API,Cloudability;CloudHealth,reserved vs on-demand rates,pricing.commitment.same-provider-region-family-and-os,IAM cross-account role + CUR + CloudWatch/ComputeOptimizer read,Supported if listed metrics are available in Signal Catalog; native advisor rows can be imported as normalized Findings,Basic flags/routes; portfolio optimizer is Advanced; prod-safe threshold: require +20% stronger evidence and owner approval
BR-0333,"Simple reservation coverage gap (Azure, standard)",Pricing,Commitments,Azure,Azure Advisor / Azure Monitor / Cost Management,CommitmentReview,P0,Very High,Medium,on_demand_hours;coverage_pct;usage_stability_pct,coverage<70% AND stability>80%,30d,Advisor API; Azure Monitor; Resource Graph; Cost Export; Retail Prices API,Cloudability;CloudHealth,reserved vs on-demand rates,pricing.commitment.same-provider-region-family-and-os,App Registration SPN + Reader/Monitoring Reader/Cost Reader/Advisor Reader,Supported if listed metrics are available in Signal Catalog; native advisor rows can be imported as normalized Findings,Basic flags/routes; portfolio optimizer is Advanced; baseline threshold as listed
BR-0334,"Simple reservation coverage gap (Azure, strict)",Pricing,Commitments,Azure,Azure Advisor / Azure Monitor / Cost Management,CommitmentReview,P0,Very High,Medium,on_demand_hours;coverage_pct;usage_stability_pct,coverage<70% AND stability>80%; strict mode adds 20% safety headroom,30d,Advisor API; Azure Monitor; Resource Graph; Cost Export; Retail Prices API,Cloudability;CloudHealth,reserved vs on-demand rates,pricing.commitment.same-provider-region-family-and-os,App Registration SPN + Reader/Monitoring Reader/Cost Reader/Advisor Reader,Supported if listed metrics are available in Signal Catalog; native advisor rows can be imported as normalized Findings,Basic flags/routes; portfolio optimizer is Advanced; prod-safe threshold: require +20% stronger evidence and owner approval
BR-0335,"Simple reservation coverage gap (GCP, standard)",Pricing,Commitments,GCP,Google Cloud Recommender / Monitoring / Billing Export,CommitmentReview,P0,Very High,Medium,on_demand_hours;coverage_pct;usage_stability_pct,coverage<70% AND stability>80%,30d,Recommender API; Cloud Monitoring; Cloud Asset Inventory; BigQuery Billing Export; Cloud Billing Catalog,Cloudability;CloudHealth,reserved vs on-demand rates,pricing.commitment.same-provider-region-family-and-os,Service account or WIF + recommender/monitoring/asset/billing export access,Supported if listed metrics are available in Signal Catalog; native advisor rows can be imported as normalized Findings,Basic flags/routes; portfolio optimizer is Advanced; baseline threshold as listed
BR-0336,"Simple reservation coverage gap (GCP, strict)",Pricing,Commitments,GCP,Google Cloud Recommender / Monitoring / Billing Export,CommitmentReview,P0,Very High,Medium,on_demand_hours;coverage_pct;usage_stability_pct,coverage<70% AND stability>80%; strict mode adds 20% safety headroom,30d,Recommender API; Cloud Monitoring; Cloud Asset Inventory; BigQuery Billing Export; Cloud Billing Catalog,Cloudability;CloudHealth,reserved vs on-demand rates,pricing.commitment.same-provider-region-family-and-os,Service account or WIF + recommender/monitoring/asset/billing export access,Supported if listed metrics are available in Signal Catalog; native advisor rows can be imported as normalized Findings,Basic flags/routes; portfolio optimizer is Advanced; prod-safe threshold: require +20% stronger evidence and owner approval
BR-0337,"Simple reservation coverage gap (SaaS, standard)",Pricing,Commitments,SaaS,CloudHealth / Cloudability / Densify / Datadog / Kubecost / Spot.io / Flexera,CommitmentReview,P0,Very High,Medium,on_demand_hours;coverage_pct;usage_stability_pct,coverage<70% AND stability>80%,30d,SaaS REST APIs; exports; webhooks; collectors,Cloudability;CloudHealth,reserved vs on-demand rates,pricing.commitment.same-provider-region-family-and-os,API token + account/cluster/resource mapping to FinOps Signal Catalog,Supported if listed metrics are available in Signal Catalog; native advisor rows can be imported as normalized Findings,Basic flags/routes; portfolio optimizer is Advanced; baseline threshold as listed
BR-0338,"Simple reservation coverage gap (SaaS, strict)",Pricing,Commitments,SaaS,CloudHealth / Cloudability / Densify / Datadog / Kubecost / Spot.io / Flexera,CommitmentReview,P0,Very High,Medium,on_demand_hours;coverage_pct;usage_stability_pct,coverage<70% AND stability>80%; strict mode adds 20% safety headroom,30d,SaaS REST APIs; exports; webhooks; collectors,Cloudability;CloudHealth,reserved vs on-demand rates,pricing.commitment.same-provider-region-family-and-os,API token + account/cluster/resource mapping to FinOps Signal Catalog,Supported if listed metrics are available in Signal Catalog; native advisor rows can be imported as normalized Findings,Basic flags/routes; portfolio optimizer is Advanced; prod-safe threshold: require +20% stronger evidence and owner approval
BR-0339,"Simple reservation coverage gap (FinOps, standard)",Pricing,Commitments,FinOps,FinOps Basic Provider Registry + Signal Catalog,CommitmentReview,P0,Very High,Medium,on_demand_hours;coverage_pct;usage_stability_pct,coverage<70% AND stability>80%,30d,Canonical Signal Catalog query; Product Catalog rate_delta; Reconciler outcomes,Cloudability;CloudHealth,reserved vs on-demand rates,pricing.commitment.same-provider-region-family-and-os,Manifest-driven integration + health probe + signal binding + backtest,Supported if listed metrics are available in Signal Catalog; native advisor rows can be imported as normalized Findings,Basic flags/routes; portfolio optimizer is Advanced; baseline threshold as listed
BR-0340,"Simple reservation coverage gap (FinOps, strict)",Pricing,Commitments,FinOps,FinOps Basic Provider Registry + Signal Catalog,CommitmentReview,P0,Very High,Medium,on_demand_hours;coverage_pct;usage_stability_pct,coverage<70% AND stability>80%; strict mode adds 20% safety headroom,30d,Canonical Signal Catalog query; Product Catalog rate_delta; Reconciler outcomes,Cloudability;CloudHealth,reserved vs on-demand rates,pricing.commitment.same-provider-region-family-and-os,Manifest-driven integration + health probe + signal binding + backtest,Supported if listed metrics are available in Signal Catalog; native advisor rows can be imported as normalized Findings,Basic flags/routes; portfolio optimizer is Advanced; prod-safe threshold: require +20% stronger evidence and owner approval
BR-0341,"Reservation underutilization (AWS, standard)",Pricing,Commitments,AWS,AWS Compute Optimizer / Cost Optimization Hub / Trusted Advisor,CommitmentReview,P1,High,Medium,ri_utilization_pct;unused_commitment_cost;expiry_days,utilization<80% AND unused_cost>$100/mo,30d,CloudWatch; Compute Optimizer; Cost Explorer; CUR; Pricing API,Cloudability;CloudHealth,commitment hourly rate,pricing.commitment.same-provider-region-family-and-os,IAM cross-account role + CUR + CloudWatch/ComputeOptimizer read,Supported if listed metrics are available in Signal Catalog; native advisor rows can be imported as normalized Findings,Exchange/sell/modify where available; baseline threshold as listed
BR-0342,"Reservation underutilization (AWS, strict)",Pricing,Commitments,AWS,AWS Compute Optimizer / Cost Optimization Hub / Trusted Advisor,CommitmentReview,P1,High,Medium,ri_utilization_pct;unused_commitment_cost;expiry_days,utilization<80% AND unused_cost>$100/mo; strict mode adds 20% safety headroom,30d,CloudWatch; Compute Optimizer; Cost Explorer; CUR; Pricing API,Cloudability;CloudHealth,commitment hourly rate,pricing.commitment.same-provider-region-family-and-os,IAM cross-account role + CUR + CloudWatch/ComputeOptimizer read,Supported if listed metrics are available in Signal Catalog; native advisor rows can be imported as normalized Findings,Exchange/sell/modify where available; prod-safe threshold: require +20% stronger evidence and owner approval
BR-0343,"Reservation underutilization (Azure, standard)",Pricing,Commitments,Azure,Azure Advisor / Azure Monitor / Cost Management,CommitmentReview,P1,High,Medium,ri_utilization_pct;unused_commitment_cost;expiry_days,utilization<80% AND unused_cost>$100/mo,30d,Advisor API; Azure Monitor; Resource Graph; Cost Export; Retail Prices API,Cloudability;CloudHealth,commitment hourly rate,pricing.commitment.same-provider-region-family-and-os,App Registration SPN + Reader/Monitoring Reader/Cost Reader/Advisor Reader,Supported if listed metrics are available in Signal Catalog; native advisor rows can be imported as normalized Findings,Exchange/sell/modify where available; baseline threshold as listed
BR-0344,"Reservation underutilization (Azure, strict)",Pricing,Commitments,Azure,Azure Advisor / Azure Monitor / Cost Management,CommitmentReview,P1,High,Medium,ri_utilization_pct;unused_commitment_cost;expiry_days,utilization<80% AND unused_cost>$100/mo; strict mode adds 20% safety headroom,30d,Advisor API; Azure Monitor; Resource Graph; Cost Export; Retail Prices API,Cloudability;CloudHealth,commitment hourly rate,pricing.commitment.same-provider-region-family-and-os,App Registration SPN + Reader/Monitoring Reader/Cost Reader/Advisor Reader,Supported if listed metrics are available in Signal Catalog; native advisor rows can be imported as normalized Findings,Exchange/sell/modify where available; prod-safe threshold: require +20% stronger evidence and owner approval
BR-0345,"Reservation underutilization (GCP, standard)",Pricing,Commitments,GCP,Google Cloud Recommender / Monitoring / Billing Export,CommitmentReview,P1,High,Medium,ri_utilization_pct;unused_commitment_cost;expiry_days,utilization<80% AND unused_cost>$100/mo,30d,Recommender API; Cloud Monitoring; Cloud Asset Inventory; BigQuery Billing Export; Cloud Billing Catalog,Cloudability;CloudHealth,commitment hourly rate,pricing.commitment.same-provider-region-family-and-os,Service account or WIF + recommender/monitoring/asset/billing export access,Supported if listed metrics are available in Signal Catalog; native advisor rows can be imported as normalized Findings,Exchange/sell/modify where available; baseline threshold as listed
BR-0346,"Reservation underutilization (GCP, strict)",Pricing,Commitments,GCP,Google Cloud Recommender / Monitoring / Billing Export,CommitmentReview,P1,High,Medium,ri_utilization_pct;unused_commitment_cost;expiry_days,utilization<80% AND unused_cost>$100/mo; strict mode adds 20% safety headroom,30d,Recommender API; Cloud Monitoring; Cloud Asset Inventory; BigQuery Billing Export; Cloud Billing Catalog,Cloudability;CloudHealth,commitment hourly rate,pricing.commitment.same-provider-region-family-and-os,Service account or WIF + recommender/monitoring/asset/billing export access,Supported if listed metrics are available in Signal Catalog; native advisor rows can be imported as normalized Findings,Exchange/sell/modify where available; prod-safe threshold: require +20% stronger evidence and owner approval
BR-0347,"Reservation underutilization (SaaS, standard)",Pricing,Commitments,SaaS,CloudHealth / Cloudability / Densify / Datadog / Kubecost / Spot.io / Flexera,CommitmentReview,P1,High,Medium,ri_utilization_pct;unused_commitment_cost;expiry_days,utilization<80% AND unused_cost>$100/mo,30d,SaaS REST APIs; exports; webhooks; collectors,Cloudability;CloudHealth,commitment hourly rate,pricing.commitment.same-provider-region-family-and-os,API token + account/cluster/resource mapping to FinOps Signal Catalog,Supported if listed metrics are available in Signal Catalog; native advisor rows can be imported as normalized Findings,Exchange/sell/modify where available; baseline threshold as listed
BR-0348,"Reservation underutilization (SaaS, strict)",Pricing,Commitments,SaaS,CloudHealth / Cloudability / Densify / Datadog / Kubecost / Spot.io / Flexera,CommitmentReview,P1,High,Medium,ri_utilization_pct;unused_commitment_cost;expiry_days,utilization<80% AND unused_cost>$100/mo; strict mode adds 20% safety headroom,30d,SaaS REST APIs; exports; webhooks; collectors,Cloudability;CloudHealth,commitment hourly rate,pricing.commitment.same-provider-region-family-and-os,API token + account/cluster/resource mapping to FinOps Signal Catalog,Supported if listed metrics are available in Signal Catalog; native advisor rows can be imported as normalized Findings,Exchange/sell/modify where available; prod-safe threshold: require +20% stronger evidence and owner approval
BR-0349,"Reservation underutilization (FinOps, standard)",Pricing,Commitments,FinOps,FinOps Basic Provider Registry + Signal Catalog,CommitmentReview,P1,High,Medium,ri_utilization_pct;unused_commitment_cost;expiry_days,utilization<80% AND unused_cost>$100/mo,30d,Canonical Signal Catalog query; Product Catalog rate_delta; Reconciler outcomes,Cloudability;CloudHealth,commitment hourly rate,pricing.commitment.same-provider-region-family-and-os,Manifest-driven integration + health probe + signal binding + backtest,Supported if listed metrics are available in Signal Catalog; native advisor rows can be imported as normalized Findings,Exchange/sell/modify where available; baseline threshold as listed
BR-0350,"Reservation underutilization (FinOps, strict)",Pricing,Commitments,FinOps,FinOps Basic Provider Registry + Signal Catalog,CommitmentReview,P1,High,Medium,ri_utilization_pct;unused_commitment_cost;expiry_days,utilization<80% AND unused_cost>$100/mo; strict mode adds 20% safety headroom,30d,Canonical Signal Catalog query; Product Catalog rate_delta; Reconciler outcomes,Cloudability;CloudHealth,commitment hourly rate,pricing.commitment.same-provider-region-family-and-os,Manifest-driven integration + health probe + signal binding + backtest,Supported if listed metrics are available in Signal Catalog; native advisor rows can be imported as normalized Findings,Exchange/sell/modify where available; prod-safe threshold: require +20% stronger evidence and owner approval
BR-0351,"On-demand workload spot candidate (AWS, standard)",Pricing,Spot,AWS,AWS Compute Optimizer / Cost Optimization Hub / Trusted Advisor,SpotReview,P1,High,Medium,interruptible_tag;checkpoint_present;on_demand_cost,interruptible=true;checkpoint=true;cost>$500/mo,30d,CloudWatch; Compute Optimizer; Cost Explorer; CUR; Pricing API,Spot.io;CAST AI,spot vs on-demand rates,compute.vm.same-architecture-family,IAM cross-account role + CUR + CloudWatch/ComputeOptimizer read,Supported if listed metrics are available in Signal Catalog; native advisor rows can be imported as normalized Findings,Obvious tag-based candidates only; baseline threshold as listed
BR-0352,"On-demand workload spot candidate (AWS, strict)",Pricing,Spot,AWS,AWS Compute Optimizer / Cost Optimization Hub / Trusted Advisor,SpotReview,P1,High,Medium,interruptible_tag;checkpoint_present;on_demand_cost,interruptible=true;checkpoint=true;cost>$500/mo; strict mode adds 20% safety headroom,30d,CloudWatch; Compute Optimizer; Cost Explorer; CUR; Pricing API,Spot.io;CAST AI,spot vs on-demand rates,compute.vm.same-architecture-family,IAM cross-account role + CUR + CloudWatch/ComputeOptimizer read,Supported if listed metrics are available in Signal Catalog; native advisor rows can be imported as normalized Findings,Obvious tag-based candidates only; prod-safe threshold: require +20% stronger evidence and owner approval
BR-0353,"On-demand workload spot candidate (Azure, standard)",Pricing,Spot,Azure,Azure Advisor / Azure Monitor / Cost Management,SpotReview,P1,High,Medium,interruptible_tag;checkpoint_present;on_demand_cost,interruptible=true;checkpoint=true;cost>$500/mo,30d,Advisor API; Azure Monitor; Resource Graph; Cost Export; Retail Prices API,Spot.io;CAST AI,spot vs on-demand rates,compute.vm.same-architecture-family,App Registration SPN + Reader/Monitoring Reader/Cost Reader/Advisor Reader,Supported if listed metrics are available in Signal Catalog; native advisor rows can be imported as normalized Findings,Obvious tag-based candidates only; baseline threshold as listed
BR-0354,"On-demand workload spot candidate (Azure, strict)",Pricing,Spot,Azure,Azure Advisor / Azure Monitor / Cost Management,SpotReview,P1,High,Medium,interruptible_tag;checkpoint_present;on_demand_cost,interruptible=true;checkpoint=true;cost>$500/mo; strict mode adds 20% safety headroom,30d,Advisor API; Azure Monitor; Resource Graph; Cost Export; Retail Prices API,Spot.io;CAST AI,spot vs on-demand rates,compute.vm.same-architecture-family,App Registration SPN + Reader/Monitoring Reader/Cost Reader/Advisor Reader,Supported if listed metrics are available in Signal Catalog; native advisor rows can be imported as normalized Findings,Obvious tag-based candidates only; prod-safe threshold: require +20% stronger evidence and owner approval
BR-0355,"On-demand workload spot candidate (GCP, standard)",Pricing,Spot,GCP,Google Cloud Recommender / Monitoring / Billing Export,SpotReview,P1,High,Medium,interruptible_tag;checkpoint_present;on_demand_cost,interruptible=true;checkpoint=true;cost>$500/mo,30d,Recommender API; Cloud Monitoring; Cloud Asset Inventory; BigQuery Billing Export; Cloud Billing Catalog,Spot.io;CAST AI,spot vs on-demand rates,compute.vm.same-architecture-family,Service account or WIF + recommender/monitoring/asset/billing export access,Supported if listed metrics are available in Signal Catalog; native advisor rows can be imported as normalized Findings,Obvious tag-based candidates only; baseline threshold as listed
BR-0356,"On-demand workload spot candidate (GCP, strict)",Pricing,Spot,GCP,Google Cloud Recommender / Monitoring / Billing Export,SpotReview,P1,High,Medium,interruptible_tag;checkpoint_present;on_demand_cost,interruptible=true;checkpoint=true;cost>$500/mo; strict mode adds 20% safety headroom,30d,Recommender API; Cloud Monitoring; Cloud Asset Inventory; BigQuery Billing Export; Cloud Billing Catalog,Spot.io;CAST AI,spot vs on-demand rates,compute.vm.same-architecture-family,Service account or WIF + recommender/monitoring/asset/billing export access,Supported if listed metrics are available in Signal Catalog; native advisor rows can be imported as normalized Findings,Obvious tag-based candidates only; prod-safe threshold: require +20% stronger evidence and owner approval
BR-0357,"On-demand workload spot candidate (SaaS, standard)",Pricing,Spot,SaaS,CloudHealth / Cloudability / Densify / Datadog / Kubecost / Spot.io / Flexera,SpotReview,P1,High,Medium,interruptible_tag;checkpoint_present;on_demand_cost,interruptible=true;checkpoint=true;cost>$500/mo,30d,SaaS REST APIs; exports; webhooks; collectors,Spot.io;CAST AI,spot vs on-demand rates,compute.vm.same-architecture-family,API token + account/cluster/resource mapping to FinOps Signal Catalog,Supported if listed metrics are available in Signal Catalog; native advisor rows can be imported as normalized Findings,Obvious tag-based candidates only; baseline threshold as listed
BR-0358,"On-demand workload spot candidate (SaaS, strict)",Pricing,Spot,SaaS,CloudHealth / Cloudability / Densify / Datadog / Kubecost / Spot.io / Flexera,SpotReview,P1,High,Medium,interruptible_tag;checkpoint_present;on_demand_cost,interruptible=true;checkpoint=true;cost>$500/mo; strict mode adds 20% safety headroom,30d,SaaS REST APIs; exports; webhooks; collectors,Spot.io;CAST AI,spot vs on-demand rates,compute.vm.same-architecture-family,API token + account/cluster/resource mapping to FinOps Signal Catalog,Supported if listed metrics are available in Signal Catalog; native advisor rows can be imported as normalized Findings,Obvious tag-based candidates only; prod-safe threshold: require +20% stronger evidence and owner approval
BR-0359,"On-demand workload spot candidate (FinOps, standard)",Pricing,Spot,FinOps,FinOps Basic Provider Registry + Signal Catalog,SpotReview,P1,High,Medium,interruptible_tag;checkpoint_present;on_demand_cost,interruptible=true;checkpoint=true;cost>$500/mo,30d,Canonical Signal Catalog query; Product Catalog rate_delta; Reconciler outcomes,Spot.io;CAST AI,spot vs on-demand rates,compute.vm.same-architecture-family,Manifest-driven integration + health probe + signal binding + backtest,Supported if listed metrics are available in Signal Catalog; native advisor rows can be imported as normalized Findings,Obvious tag-based candidates only; baseline threshold as listed
BR-0360,"On-demand workload spot candidate (FinOps, strict)",Pricing,Spot,FinOps,FinOps Basic Provider Registry + Signal Catalog,SpotReview,P1,High,Medium,interruptible_tag;checkpoint_present;on_demand_cost,interruptible=true;checkpoint=true;cost>$500/mo; strict mode adds 20% safety headroom,30d,Canonical Signal Catalog query; Product Catalog rate_delta; Reconciler outcomes,Spot.io;CAST AI,spot vs on-demand rates,compute.vm.same-architecture-family,Manifest-driven integration + health probe + signal binding + backtest,Supported if listed metrics are available in Signal Catalog; native advisor rows can be imported as normalized Findings,Obvious tag-based candidates only; prod-safe threshold: require +20% stronger evidence and owner approval
BR-0361,"Custom metric cardinality waste (AWS, standard)",Observability,Metrics,AWS,AWS Compute Optimizer / Cost Optimization Hub / Trusted Advisor,TierMove,P1,High,Medium,custom_metric_count;series_cardinality;metric_cost,series_cardinality>100k OR metric_cost>$1000/mo,7d,CloudWatch; Compute Optimizer; Cost Explorer; CUR; Pricing API,Datadog;Grafana Cloud,metric unit price,observability.telemetry.same-signal-pipeline-and-retention-policy,IAM cross-account role + CUR + CloudWatch/ComputeOptimizer read,Supported if listed metrics are available in Signal Catalog; native advisor rows can be imported as normalized Findings,"Reduce labels, sample rate, retention; baseline threshold as listed"
BR-0362,"Custom metric cardinality waste (AWS, strict)",Observability,Metrics,AWS,AWS Compute Optimizer / Cost Optimization Hub / Trusted Advisor,TierMove,P1,High,Medium,custom_metric_count;series_cardinality;metric_cost,series_cardinality>100k OR metric_cost>$1000/mo; strict mode adds 20% safety headroom,7d,CloudWatch; Compute Optimizer; Cost Explorer; CUR; Pricing API,Datadog;Grafana Cloud,metric unit price,observability.telemetry.same-signal-pipeline-and-retention-policy,IAM cross-account role + CUR + CloudWatch/ComputeOptimizer read,Supported if listed metrics are available in Signal Catalog; native advisor rows can be imported as normalized Findings,"Reduce labels, sample rate, retention; prod-safe threshold: require +20% stronger evidence and owner approval"
BR-0363,"Custom metric cardinality waste (Azure, standard)",Observability,Metrics,Azure,Azure Advisor / Azure Monitor / Cost Management,TierMove,P1,High,Medium,custom_metric_count;series_cardinality;metric_cost,series_cardinality>100k OR metric_cost>$1000/mo,7d,Advisor API; Azure Monitor; Resource Graph; Cost Export; Retail Prices API,Datadog;Grafana Cloud,metric unit price,observability.telemetry.same-signal-pipeline-and-retention-policy,App Registration SPN + Reader/Monitoring Reader/Cost Reader/Advisor Reader,Supported if listed metrics are available in Signal Catalog; native advisor rows can be imported as normalized Findings,"Reduce labels, sample rate, retention; baseline threshold as listed"
BR-0364,"Custom metric cardinality waste (Azure, strict)",Observability,Metrics,Azure,Azure Advisor / Azure Monitor / Cost Management,TierMove,P1,High,Medium,custom_metric_count;series_cardinality;metric_cost,series_cardinality>100k OR metric_cost>$1000/mo; strict mode adds 20% safety headroom,7d,Advisor API; Azure Monitor; Resource Graph; Cost Export; Retail Prices API,Datadog;Grafana Cloud,metric unit price,observability.telemetry.same-signal-pipeline-and-retention-policy,App Registration SPN + Reader/Monitoring Reader/Cost Reader/Advisor Reader,Supported if listed metrics are available in Signal Catalog; native advisor rows can be imported as normalized Findings,"Reduce labels, sample rate, retention; prod-safe threshold: require +20% stronger evidence and owner approval"
BR-0365,"Custom metric cardinality waste (GCP, standard)",Observability,Metrics,GCP,Google Cloud Recommender / Monitoring / Billing Export,TierMove,P1,High,Medium,custom_metric_count;series_cardinality;metric_cost,series_cardinality>100k OR metric_cost>$1000/mo,7d,Recommender API; Cloud Monitoring; Cloud Asset Inventory; BigQuery Billing Export; Cloud Billing Catalog,Datadog;Grafana Cloud,metric unit price,observability.telemetry.same-signal-pipeline-and-retention-policy,Service account or WIF + recommender/monitoring/asset/billing export access,Supported if listed metrics are available in Signal Catalog; native advisor rows can be imported as normalized Findings,"Reduce labels, sample rate, retention; baseline threshold as listed"
BR-0366,"Custom metric cardinality waste (GCP, strict)",Observability,Metrics,GCP,Google Cloud Recommender / Monitoring / Billing Export,TierMove,P1,High,Medium,custom_metric_count;series_cardinality;metric_cost,series_cardinality>100k OR metric_cost>$1000/mo; strict mode adds 20% safety headroom,7d,Recommender API; Cloud Monitoring; Cloud Asset Inventory; BigQuery Billing Export; Cloud Billing Catalog,Datadog;Grafana Cloud,metric unit price,observability.telemetry.same-signal-pipeline-and-retention-policy,Service account or WIF + recommender/monitoring/asset/billing export access,Supported if listed metrics are available in Signal Catalog; native advisor rows can be imported as normalized Findings,"Reduce labels, sample rate, retention; prod-safe threshold: require +20% stronger evidence and owner approval"
BR-0367,"Custom metric cardinality waste (SaaS, standard)",Observability,Metrics,SaaS,CloudHealth / Cloudability / Densify / Datadog / Kubecost / Spot.io / Flexera,TierMove,P1,High,Medium,custom_metric_count;series_cardinality;metric_cost,series_cardinality>100k OR metric_cost>$1000/mo,7d,SaaS REST APIs; exports; webhooks; collectors,Datadog;Grafana Cloud,metric unit price,observability.telemetry.same-signal-pipeline-and-retention-policy,API token + account/cluster/resource mapping to FinOps Signal Catalog,Supported if listed metrics are available in Signal Catalog; native advisor rows can be imported as normalized Findings,"Reduce labels, sample rate, retention; baseline threshold as listed"
BR-0368,"Custom metric cardinality waste (SaaS, strict)",Observability,Metrics,SaaS,CloudHealth / Cloudability / Densify / Datadog / Kubecost / Spot.io / Flexera,TierMove,P1,High,Medium,custom_metric_count;series_cardinality;metric_cost,series_cardinality>100k OR metric_cost>$1000/mo; strict mode adds 20% safety headroom,7d,SaaS REST APIs; exports; webhooks; collectors,Datadog;Grafana Cloud,metric unit price,observability.telemetry.same-signal-pipeline-and-retention-policy,API token + account/cluster/resource mapping to FinOps Signal Catalog,Supported if listed metrics are available in Signal Catalog; native advisor rows can be imported as normalized Findings,"Reduce labels, sample rate, retention; prod-safe threshold: require +20% stronger evidence and owner approval"
BR-0369,"Custom metric cardinality waste (FinOps, standard)",Observability,Metrics,FinOps,FinOps Basic Provider Registry + Signal Catalog,TierMove,P1,High,Medium,custom_metric_count;series_cardinality;metric_cost,series_cardinality>100k OR metric_cost>$1000/mo,7d,Canonical Signal Catalog query; Product Catalog rate_delta; Reconciler outcomes,Datadog;Grafana Cloud,metric unit price,observability.telemetry.same-signal-pipeline-and-retention-policy,Manifest-driven integration + health probe + signal binding + backtest,Supported if listed metrics are available in Signal Catalog; native advisor rows can be imported as normalized Findings,"Reduce labels, sample rate, retention; baseline threshold as listed"
BR-0370,"Custom metric cardinality waste (FinOps, strict)",Observability,Metrics,FinOps,FinOps Basic Provider Registry + Signal Catalog,TierMove,P1,High,Medium,custom_metric_count;series_cardinality;metric_cost,series_cardinality>100k OR metric_cost>$1000/mo; strict mode adds 20% safety headroom,7d,Canonical Signal Catalog query; Product Catalog rate_delta; Reconciler outcomes,Datadog;Grafana Cloud,metric unit price,observability.telemetry.same-signal-pipeline-and-retention-policy,Manifest-driven integration + health probe + signal binding + backtest,Supported if listed metrics are available in Signal Catalog; native advisor rows can be imported as normalized Findings,"Reduce labels, sample rate, retention; prod-safe threshold: require +20% stronger evidence and owner approval"
BR-0371,"Log ingestion over-retention (AWS, standard)",Observability,Logs,AWS,AWS Compute Optimizer / Cost Optimization Hub / Trusted Advisor,TierMove,P1,High,Medium,ingested_gib_per_day;retention_days;query_count,retention>policy AND query_count low,30d,CloudWatch; Compute Optimizer; Cost Explorer; CUR; Pricing API,Datadog;New Relic;Splunk,ingest and retention rates,observability.telemetry.same-signal-pipeline-and-retention-policy,IAM cross-account role + CUR + CloudWatch/ComputeOptimizer read,Supported if listed metrics are available in Signal Catalog; native advisor rows can be imported as normalized Findings,Lower retention/tier cold; baseline threshold as listed
BR-0372,"Log ingestion over-retention (AWS, strict)",Observability,Logs,AWS,AWS Compute Optimizer / Cost Optimization Hub / Trusted Advisor,TierMove,P1,High,Medium,ingested_gib_per_day;retention_days;query_count,retention>policy AND query_count low; strict mode adds 20% safety headroom,30d,CloudWatch; Compute Optimizer; Cost Explorer; CUR; Pricing API,Datadog;New Relic;Splunk,ingest and retention rates,observability.telemetry.same-signal-pipeline-and-retention-policy,IAM cross-account role + CUR + CloudWatch/ComputeOptimizer read,Supported if listed metrics are available in Signal Catalog; native advisor rows can be imported as normalized Findings,Lower retention/tier cold; prod-safe threshold: require +20% stronger evidence and owner approval
BR-0373,"Log ingestion over-retention (Azure, standard)",Observability,Logs,Azure,Azure Advisor / Azure Monitor / Cost Management,TierMove,P1,High,Medium,ingested_gib_per_day;retention_days;query_count,retention>policy AND query_count low,30d,Advisor API; Azure Monitor; Resource Graph; Cost Export; Retail Prices API,Datadog;New Relic;Splunk,ingest and retention rates,observability.telemetry.same-signal-pipeline-and-retention-policy,App Registration SPN + Reader/Monitoring Reader/Cost Reader/Advisor Reader,Supported if listed metrics are available in Signal Catalog; native advisor rows can be imported as normalized Findings,Lower retention/tier cold; baseline threshold as listed
BR-0374,"Log ingestion over-retention (Azure, strict)",Observability,Logs,Azure,Azure Advisor / Azure Monitor / Cost Management,TierMove,P1,High,Medium,ingested_gib_per_day;retention_days;query_count,retention>policy AND query_count low; strict mode adds 20% safety headroom,30d,Advisor API; Azure Monitor; Resource Graph; Cost Export; Retail Prices API,Datadog;New Relic;Splunk,ingest and retention rates,observability.telemetry.same-signal-pipeline-and-retention-policy,App Registration SPN + Reader/Monitoring Reader/Cost Reader/Advisor Reader,Supported if listed metrics are available in Signal Catalog; native advisor rows can be imported as normalized Findings,Lower retention/tier cold; prod-safe threshold: require +20% stronger evidence and owner approval
BR-0375,"Log ingestion over-retention (GCP, standard)",Observability,Logs,GCP,Google Cloud Recommender / Monitoring / Billing Export,TierMove,P1,High,Medium,ingested_gib_per_day;retention_days;query_count,retention>policy AND query_count low,30d,Recommender API; Cloud Monitoring; Cloud Asset Inventory; BigQuery Billing Export; Cloud Billing Catalog,Datadog;New Relic;Splunk,ingest and retention rates,observability.telemetry.same-signal-pipeline-and-retention-policy,Service account or WIF + recommender/monitoring/asset/billing export access,Supported if listed metrics are available in Signal Catalog; native advisor rows can be imported as normalized Findings,Lower retention/tier cold; baseline threshold as listed
BR-0376,"Log ingestion over-retention (GCP, strict)",Observability,Logs,GCP,Google Cloud Recommender / Monitoring / Billing Export,TierMove,P1,High,Medium,ingested_gib_per_day;retention_days;query_count,retention>policy AND query_count low; strict mode adds 20% safety headroom,30d,Recommender API; Cloud Monitoring; Cloud Asset Inventory; BigQuery Billing Export; Cloud Billing Catalog,Datadog;New Relic;Splunk,ingest and retention rates,observability.telemetry.same-signal-pipeline-and-retention-policy,Service account or WIF + recommender/monitoring/asset/billing export access,Supported if listed metrics are available in Signal Catalog; native advisor rows can be imported as normalized Findings,Lower retention/tier cold; prod-safe threshold: require +20% stronger evidence and owner approval
BR-0377,"Log ingestion over-retention (SaaS, standard)",Observability,Logs,SaaS,CloudHealth / Cloudability / Densify / Datadog / Kubecost / Spot.io / Flexera,TierMove,P1,High,Medium,ingested_gib_per_day;retention_days;query_count,retention>policy AND query_count low,30d,SaaS REST APIs; exports; webhooks; collectors,Datadog;New Relic;Splunk,ingest and retention rates,observability.telemetry.same-signal-pipeline-and-retention-policy,API token + account/cluster/resource mapping to FinOps Signal Catalog,Supported if listed metrics are available in Signal Catalog; native advisor rows can be imported as normalized Findings,Lower retention/tier cold; baseline threshold as listed
BR-0378,"Log ingestion over-retention (SaaS, strict)",Observability,Logs,SaaS,CloudHealth / Cloudability / Densify / Datadog / Kubecost / Spot.io / Flexera,TierMove,P1,High,Medium,ingested_gib_per_day;retention_days;query_count,retention>policy AND query_count low; strict mode adds 20% safety headroom,30d,SaaS REST APIs; exports; webhooks; collectors,Datadog;New Relic;Splunk,ingest and retention rates,observability.telemetry.same-signal-pipeline-and-retention-policy,API token + account/cluster/resource mapping to FinOps Signal Catalog,Supported if listed metrics are available in Signal Catalog; native advisor rows can be imported as normalized Findings,Lower retention/tier cold; prod-safe threshold: require +20% stronger evidence and owner approval
BR-0379,"Log ingestion over-retention (FinOps, standard)",Observability,Logs,FinOps,FinOps Basic Provider Registry + Signal Catalog,TierMove,P1,High,Medium,ingested_gib_per_day;retention_days;query_count,retention>policy AND query_count low,30d,Canonical Signal Catalog query; Product Catalog rate_delta; Reconciler outcomes,Datadog;New Relic;Splunk,ingest and retention rates,observability.telemetry.same-signal-pipeline-and-retention-policy,Manifest-driven integration + health probe + signal binding + backtest,Supported if listed metrics are available in Signal Catalog; native advisor rows can be imported as normalized Findings,Lower retention/tier cold; baseline threshold as listed
BR-0380,"Log ingestion over-retention (FinOps, strict)",Observability,Logs,FinOps,FinOps Basic Provider Registry + Signal Catalog,TierMove,P1,High,Medium,ingested_gib_per_day;retention_days;query_count,retention>policy AND query_count low; strict mode adds 20% safety headroom,30d,Canonical Signal Catalog query; Product Catalog rate_delta; Reconciler outcomes,Datadog;New Relic;Splunk,ingest and retention rates,observability.telemetry.same-signal-pipeline-and-retention-policy,Manifest-driven integration + health probe + signal binding + backtest,Supported if listed metrics are available in Signal Catalog; native advisor rows can be imported as normalized Findings,Lower retention/tier cold; prod-safe threshold: require +20% stronger evidence and owner approval
BR-0381,"Missing required tags (AWS, standard)",Cost Allocation,Tags,AWS,AWS Compute Optimizer / Cost Optimization Hub / Trusted Advisor,TagFix,P0,High,Low,required_tag_present;untagged_cost,required_tag=false AND untagged_cost>$50/mo,1d,CloudWatch; Compute Optimizer; Cost Explorer; CUR; Pricing API,CloudHealth;Cloudability,resource monthly cost,governance.metadata.not-a-resource-move,IAM cross-account role + CUR + CloudWatch/ComputeOptimizer read,Supported if listed metrics are available in Signal Catalog; native advisor rows can be imported as normalized Findings,Fix showback/chargeback gaps; baseline threshold as listed
BR-0382,"Missing required tags (AWS, strict)",Cost Allocation,Tags,AWS,AWS Compute Optimizer / Cost Optimization Hub / Trusted Advisor,TagFix,P0,High,Low,required_tag_present;untagged_cost,required_tag=false AND untagged_cost>$50/mo; strict mode adds 20% safety headroom,1d,CloudWatch; Compute Optimizer; Cost Explorer; CUR; Pricing API,CloudHealth;Cloudability,resource monthly cost,governance.metadata.not-a-resource-move,IAM cross-account role + CUR + CloudWatch/ComputeOptimizer read,Supported if listed metrics are available in Signal Catalog; native advisor rows can be imported as normalized Findings,Fix showback/chargeback gaps; prod-safe threshold: require +20% stronger evidence and owner approval
BR-0383,"Missing required tags (Azure, standard)",Cost Allocation,Tags,Azure,Azure Advisor / Azure Monitor / Cost Management,TagFix,P0,High,Low,required_tag_present;untagged_cost,required_tag=false AND untagged_cost>$50/mo,1d,Advisor API; Azure Monitor; Resource Graph; Cost Export; Retail Prices API,CloudHealth;Cloudability,resource monthly cost,governance.metadata.not-a-resource-move,App Registration SPN + Reader/Monitoring Reader/Cost Reader/Advisor Reader,Supported if listed metrics are available in Signal Catalog; native advisor rows can be imported as normalized Findings,Fix showback/chargeback gaps; baseline threshold as listed
BR-0384,"Missing required tags (Azure, strict)",Cost Allocation,Tags,Azure,Azure Advisor / Azure Monitor / Cost Management,TagFix,P0,High,Low,required_tag_present;untagged_cost,required_tag=false AND untagged_cost>$50/mo; strict mode adds 20% safety headroom,1d,Advisor API; Azure Monitor; Resource Graph; Cost Export; Retail Prices API,CloudHealth;Cloudability,resource monthly cost,governance.metadata.not-a-resource-move,App Registration SPN + Reader/Monitoring Reader/Cost Reader/Advisor Reader,Supported if listed metrics are available in Signal Catalog; native advisor rows can be imported as normalized Findings,Fix showback/chargeback gaps; prod-safe threshold: require +20% stronger evidence and owner approval
BR-0385,"Missing required tags (GCP, standard)",Cost Allocation,Tags,GCP,Google Cloud Recommender / Monitoring / Billing Export,TagFix,P0,High,Low,required_tag_present;untagged_cost,required_tag=false AND untagged_cost>$50/mo,1d,Recommender API; Cloud Monitoring; Cloud Asset Inventory; BigQuery Billing Export; Cloud Billing Catalog,CloudHealth;Cloudability,resource monthly cost,governance.metadata.not-a-resource-move,Service account or WIF + recommender/monitoring/asset/billing export access,Supported if listed metrics are available in Signal Catalog; native advisor rows can be imported as normalized Findings,Fix showback/chargeback gaps; baseline threshold as listed
BR-0386,"Missing required tags (GCP, strict)",Cost Allocation,Tags,GCP,Google Cloud Recommender / Monitoring / Billing Export,TagFix,P0,High,Low,required_tag_present;untagged_cost,required_tag=false AND untagged_cost>$50/mo; strict mode adds 20% safety headroom,1d,Recommender API; Cloud Monitoring; Cloud Asset Inventory; BigQuery Billing Export; Cloud Billing Catalog,CloudHealth;Cloudability,resource monthly cost,governance.metadata.not-a-resource-move,Service account or WIF + recommender/monitoring/asset/billing export access,Supported if listed metrics are available in Signal Catalog; native advisor rows can be imported as normalized Findings,Fix showback/chargeback gaps; prod-safe threshold: require +20% stronger evidence and owner approval
BR-0387,"Missing required tags (SaaS, standard)",Cost Allocation,Tags,SaaS,CloudHealth / Cloudability / Densify / Datadog / Kubecost / Spot.io / Flexera,TagFix,P0,High,Low,required_tag_present;untagged_cost,required_tag=false AND untagged_cost>$50/mo,1d,SaaS REST APIs; exports; webhooks; collectors,CloudHealth;Cloudability,resource monthly cost,governance.metadata.not-a-resource-move,API token + account/cluster/resource mapping to FinOps Signal Catalog,Supported if listed metrics are available in Signal Catalog; native advisor rows can be imported as normalized Findings,Fix showback/chargeback gaps; baseline threshold as listed
BR-0388,"Missing required tags (SaaS, strict)",Cost Allocation,Tags,SaaS,CloudHealth / Cloudability / Densify / Datadog / Kubecost / Spot.io / Flexera,TagFix,P0,High,Low,required_tag_present;untagged_cost,required_tag=false AND untagged_cost>$50/mo; strict mode adds 20% safety headroom,1d,SaaS REST APIs; exports; webhooks; collectors,CloudHealth;Cloudability,resource monthly cost,governance.metadata.not-a-resource-move,API token + account/cluster/resource mapping to FinOps Signal Catalog,Supported if listed metrics are available in Signal Catalog; native advisor rows can be imported as normalized Findings,Fix showback/chargeback gaps; prod-safe threshold: require +20% stronger evidence and owner approval
BR-0389,"Missing required tags (FinOps, standard)",Cost Allocation,Tags,FinOps,FinOps Basic Provider Registry + Signal Catalog,TagFix,P0,High,Low,required_tag_present;untagged_cost,required_tag=false AND untagged_cost>$50/mo,1d,Canonical Signal Catalog query; Product Catalog rate_delta; Reconciler outcomes,CloudHealth;Cloudability,resource monthly cost,governance.metadata.not-a-resource-move,Manifest-driven integration + health probe + signal binding + backtest,Supported if listed metrics are available in Signal Catalog; native advisor rows can be imported as normalized Findings,Fix showback/chargeback gaps; baseline threshold as listed
BR-0390,"Missing required tags (FinOps, strict)",Cost Allocation,Tags,FinOps,FinOps Basic Provider Registry + Signal Catalog,TagFix,P0,High,Low,required_tag_present;untagged_cost,required_tag=false AND untagged_cost>$50/mo; strict mode adds 20% safety headroom,1d,Canonical Signal Catalog query; Product Catalog rate_delta; Reconciler outcomes,CloudHealth;Cloudability,resource monthly cost,governance.metadata.not-a-resource-move,Manifest-driven integration + health probe + signal binding + backtest,Supported if listed metrics are available in Signal Catalog; native advisor rows can be imported as normalized Findings,Fix showback/chargeback gaps; prod-safe threshold: require +20% stronger evidence and owner approval
BR-0391,"Budget breach forecast (AWS, standard)",Cost Allocation,Budgets,AWS,AWS Compute Optimizer / Cost Optimization Hub / Trusted Advisor,BudgetReview,P0,High,Low,mtd_spend;forecast_spend;budget,forecast_spend>budget*1.1,1d,CloudWatch; Compute Optimizer; Cost Explorer; CUR; Pricing API,Cloudability;CloudHealth,forecast spend,governance.metadata.not-a-resource-move,IAM cross-account role + CUR + CloudWatch/ComputeOptimizer read,Supported if listed metrics are available in Signal Catalog; native advisor rows can be imported as normalized Findings,"Early warning, not direct action; baseline threshold as listed"
BR-0392,"Budget breach forecast (AWS, strict)",Cost Allocation,Budgets,AWS,AWS Compute Optimizer / Cost Optimization Hub / Trusted Advisor,BudgetReview,P0,High,Low,mtd_spend;forecast_spend;budget,forecast_spend>budget*1.1; strict mode adds 20% safety headroom,1d,CloudWatch; Compute Optimizer; Cost Explorer; CUR; Pricing API,Cloudability;CloudHealth,forecast spend,governance.metadata.not-a-resource-move,IAM cross-account role + CUR + CloudWatch/ComputeOptimizer read,Supported if listed metrics are available in Signal Catalog; native advisor rows can be imported as normalized Findings,"Early warning, not direct action; prod-safe threshold: require +20% stronger evidence and owner approval"
BR-0393,"Budget breach forecast (Azure, standard)",Cost Allocation,Budgets,Azure,Azure Advisor / Azure Monitor / Cost Management,BudgetReview,P0,High,Low,mtd_spend;forecast_spend;budget,forecast_spend>budget*1.1,1d,Advisor API; Azure Monitor; Resource Graph; Cost Export; Retail Prices API,Cloudability;CloudHealth,forecast spend,governance.metadata.not-a-resource-move,App Registration SPN + Reader/Monitoring Reader/Cost Reader/Advisor Reader,Supported if listed metrics are available in Signal Catalog; native advisor rows can be imported as normalized Findings,"Early warning, not direct action; baseline threshold as listed"
BR-0394,"Budget breach forecast (Azure, strict)",Cost Allocation,Budgets,Azure,Azure Advisor / Azure Monitor / Cost Management,BudgetReview,P0,High,Low,mtd_spend;forecast_spend;budget,forecast_spend>budget*1.1; strict mode adds 20% safety headroom,1d,Advisor API; Azure Monitor; Resource Graph; Cost Export; Retail Prices API,Cloudability;CloudHealth,forecast spend,governance.metadata.not-a-resource-move,App Registration SPN + Reader/Monitoring Reader/Cost Reader/Advisor Reader,Supported if listed metrics are available in Signal Catalog; native advisor rows can be imported as normalized Findings,"Early warning, not direct action; prod-safe threshold: require +20% stronger evidence and owner approval"
BR-0395,"Budget breach forecast (GCP, standard)",Cost Allocation,Budgets,GCP,Google Cloud Recommender / Monitoring / Billing Export,BudgetReview,P0,High,Low,mtd_spend;forecast_spend;budget,forecast_spend>budget*1.1,1d,Recommender API; Cloud Monitoring; Cloud Asset Inventory; BigQuery Billing Export; Cloud Billing Catalog,Cloudability;CloudHealth,forecast spend,governance.metadata.not-a-resource-move,Service account or WIF + recommender/monitoring/asset/billing export access,Supported if listed metrics are available in Signal Catalog; native advisor rows can be imported as normalized Findings,"Early warning, not direct action; baseline threshold as listed"
BR-0396,"Budget breach forecast (GCP, strict)",Cost Allocation,Budgets,GCP,Google Cloud Recommender / Monitoring / Billing Export,BudgetReview,P0,High,Low,mtd_spend;forecast_spend;budget,forecast_spend>budget*1.1; strict mode adds 20% safety headroom,1d,Recommender API; Cloud Monitoring; Cloud Asset Inventory; BigQuery Billing Export; Cloud Billing Catalog,Cloudability;CloudHealth,forecast spend,governance.metadata.not-a-resource-move,Service account or WIF + recommender/monitoring/asset/billing export access,Supported if listed metrics are available in Signal Catalog; native advisor rows can be imported as normalized Findings,"Early warning, not direct action; prod-safe threshold: require +20% stronger evidence and owner approval"
BR-0397,"Budget breach forecast (SaaS, standard)",Cost Allocation,Budgets,SaaS,CloudHealth / Cloudability / Densify / Datadog / Kubecost / Spot.io / Flexera,BudgetReview,P0,High,Low,mtd_spend;forecast_spend;budget,forecast_spend>budget*1.1,1d,SaaS REST APIs; exports; webhooks; collectors,Cloudability;CloudHealth,forecast spend,governance.metadata.not-a-resource-move,API token + account/cluster/resource mapping to FinOps Signal Catalog,Supported if listed metrics are available in Signal Catalog; native advisor rows can be imported as normalized Findings,"Early warning, not direct action; baseline threshold as listed"
BR-0398,"Budget breach forecast (SaaS, strict)",Cost Allocation,Budgets,SaaS,CloudHealth / Cloudability / Densify / Datadog / Kubecost / Spot.io / Flexera,BudgetReview,P0,High,Low,mtd_spend;forecast_spend;budget,forecast_spend>budget*1.1; strict mode adds 20% safety headroom,1d,SaaS REST APIs; exports; webhooks; collectors,Cloudability;CloudHealth,forecast spend,governance.metadata.not-a-resource-move,API token + account/cluster/resource mapping to FinOps Signal Catalog,Supported if listed metrics are available in Signal Catalog; native advisor rows can be imported as normalized Findings,"Early warning, not direct action; prod-safe threshold: require +20% stronger evidence and owner approval"
BR-0399,"Budget breach forecast (FinOps, standard)",Cost Allocation,Budgets,FinOps,FinOps Basic Provider Registry + Signal Catalog,BudgetReview,P0,High,Low,mtd_spend;forecast_spend;budget,forecast_spend>budget*1.1,1d,Canonical Signal Catalog query; Product Catalog rate_delta; Reconciler outcomes,Cloudability;CloudHealth,forecast spend,governance.metadata.not-a-resource-move,Manifest-driven integration + health probe + signal binding + backtest,Supported if listed metrics are available in Signal Catalog; native advisor rows can be imported as normalized Findings,"Early warning, not direct action; baseline threshold as listed"
BR-0400,"Budget breach forecast (FinOps, strict)",Cost Allocation,Budgets,FinOps,FinOps Basic Provider Registry + Signal Catalog,BudgetReview,P0,High,Low,mtd_spend;forecast_spend;budget,forecast_spend>budget*1.1; strict mode adds 20% safety headroom,1d,Canonical Signal Catalog query; Product Catalog rate_delta; Reconciler outcomes,Cloudability;CloudHealth,forecast spend,governance.metadata.not-a-resource-move,Manifest-driven integration + health probe + signal binding + backtest,Supported if listed metrics are available in Signal Catalog; native advisor rows can be imported as normalized Findings,"Early warning, not direct action; prod-safe threshold: require +20% stronger evidence and owner approval"
BR-0401,"Prompt token bloat (AWS, standard)",AI,Tokens,AWS,AWS Compute Optimizer / Cost Optimization Hub / Trusted Advisor,ModelRoute,P0,Very High,Medium,prompt_tokens;system_prompt_tokens;request_count,p50_prompt_tokens>4000 OR system_prompt_tokens/prompt_tokens>60%,7d,CloudWatch; Compute Optimizer; Cost Explorer; CUR; Pricing API,LiteLLM;Portkey;LangSmith;Helicone,input token and cached-token rates,ai.model.same-modality-context-window-and-slo-tier,IAM cross-account role + CUR + CloudWatch/ComputeOptimizer read,Supported if listed metrics are available in Signal Catalog; native advisor rows can be imported as normalized Findings,From attached AI CostVars Layer 6; baseline threshold as listed
BR-0402,"Prompt token bloat (AWS, strict)",AI,Tokens,AWS,AWS Compute Optimizer / Cost Optimization Hub / Trusted Advisor,ModelRoute,P0,Very High,Medium,prompt_tokens;system_prompt_tokens;request_count,p50_prompt_tokens>4000 OR system_prompt_tokens/prompt_tokens>60%; strict mode adds 20% safety headroom,7d,CloudWatch; Compute Optimizer; Cost Explorer; CUR; Pricing API,LiteLLM;Portkey;LangSmith;Helicone,input token and cached-token rates,ai.model.same-modality-context-window-and-slo-tier,IAM cross-account role + CUR + CloudWatch/ComputeOptimizer read,Supported if listed metrics are available in Signal Catalog; native advisor rows can be imported as normalized Findings,From attached AI CostVars Layer 6; prod-safe threshold: require +20% stronger evidence and owner approval
BR-0403,"Prompt token bloat (Azure, standard)",AI,Tokens,Azure,Azure Advisor / Azure Monitor / Cost Management,ModelRoute,P0,Very High,Medium,prompt_tokens;system_prompt_tokens;request_count,p50_prompt_tokens>4000 OR system_prompt_tokens/prompt_tokens>60%,7d,Advisor API; Azure Monitor; Resource Graph; Cost Export; Retail Prices API,LiteLLM;Portkey;LangSmith;Helicone,input token and cached-token rates,ai.model.same-modality-context-window-and-slo-tier,App Registration SPN + Reader/Monitoring Reader/Cost Reader/Advisor Reader,Supported if listed metrics are available in Signal Catalog; native advisor rows can be imported as normalized Findings,From attached AI CostVars Layer 6; baseline threshold as listed
BR-0404,"Prompt token bloat (Azure, strict)",AI,Tokens,Azure,Azure Advisor / Azure Monitor / Cost Management,ModelRoute,P0,Very High,Medium,prompt_tokens;system_prompt_tokens;request_count,p50_prompt_tokens>4000 OR system_prompt_tokens/prompt_tokens>60%; strict mode adds 20% safety headroom,7d,Advisor API; Azure Monitor; Resource Graph; Cost Export; Retail Prices API,LiteLLM;Portkey;LangSmith;Helicone,input token and cached-token rates,ai.model.same-modality-context-window-and-slo-tier,App Registration SPN + Reader/Monitoring Reader/Cost Reader/Advisor Reader,Supported if listed metrics are available in Signal Catalog; native advisor rows can be imported as normalized Findings,From attached AI CostVars Layer 6; prod-safe threshold: require +20% stronger evidence and owner approval
BR-0405,"Prompt token bloat (GCP, standard)",AI,Tokens,GCP,Google Cloud Recommender / Monitoring / Billing Export,ModelRoute,P0,Very High,Medium,prompt_tokens;system_prompt_tokens;request_count,p50_prompt_tokens>4000 OR system_prompt_tokens/prompt_tokens>60%,7d,Recommender API; Cloud Monitoring; Cloud Asset Inventory; BigQuery Billing Export; Cloud Billing Catalog,LiteLLM;Portkey;LangSmith;Helicone,input token and cached-token rates,ai.model.same-modality-context-window-and-slo-tier,Service account or WIF + recommender/monitoring/asset/billing export access,Supported if listed metrics are available in Signal Catalog; native advisor rows can be imported as normalized Findings,From attached AI CostVars Layer 6; baseline threshold as listed
BR-0406,"Prompt token bloat (GCP, strict)",AI,Tokens,GCP,Google Cloud Recommender / Monitoring / Billing Export,ModelRoute,P0,Very High,Medium,prompt_tokens;system_prompt_tokens;request_count,p50_prompt_tokens>4000 OR system_prompt_tokens/prompt_tokens>60%; strict mode adds 20% safety headroom,7d,Recommender API; Cloud Monitoring; Cloud Asset Inventory; BigQuery Billing Export; Cloud Billing Catalog,LiteLLM;Portkey;LangSmith;Helicone,input token and cached-token rates,ai.model.same-modality-context-window-and-slo-tier,Service account or WIF + recommender/monitoring/asset/billing export access,Supported if listed metrics are available in Signal Catalog; native advisor rows can be imported as normalized Findings,From attached AI CostVars Layer 6; prod-safe threshold: require +20% stronger evidence and owner approval
BR-0407,"Prompt token bloat (SaaS, standard)",AI,Tokens,SaaS,CloudHealth / Cloudability / Densify / Datadog / Kubecost / Spot.io / Flexera,ModelRoute,P0,Very High,Medium,prompt_tokens;system_prompt_tokens;request_count,p50_prompt_tokens>4000 OR system_prompt_tokens/prompt_tokens>60%,7d,SaaS REST APIs; exports; webhooks; collectors,LiteLLM;Portkey;LangSmith;Helicone,input token and cached-token rates,ai.model.same-modality-context-window-and-slo-tier,API token + account/cluster/resource mapping to FinOps Signal Catalog,Supported if listed metrics are available in Signal Catalog; native advisor rows can be imported as normalized Findings,From attached AI CostVars Layer 6; baseline threshold as listed
BR-0408,"Prompt token bloat (SaaS, strict)",AI,Tokens,SaaS,CloudHealth / Cloudability / Densify / Datadog / Kubecost / Spot.io / Flexera,ModelRoute,P0,Very High,Medium,prompt_tokens;system_prompt_tokens;request_count,p50_prompt_tokens>4000 OR system_prompt_tokens/prompt_tokens>60%; strict mode adds 20% safety headroom,7d,SaaS REST APIs; exports; webhooks; collectors,LiteLLM;Portkey;LangSmith;Helicone,input token and cached-token rates,ai.model.same-modality-context-window-and-slo-tier,API token + account/cluster/resource mapping to FinOps Signal Catalog,Supported if listed metrics are available in Signal Catalog; native advisor rows can be imported as normalized Findings,From attached AI CostVars Layer 6; prod-safe threshold: require +20% stronger evidence and owner approval
BR-0409,"Prompt token bloat (FinOps, standard)",AI,Tokens,FinOps,FinOps Basic Provider Registry + Signal Catalog,ModelRoute,P0,Very High,Medium,prompt_tokens;system_prompt_tokens;request_count,p50_prompt_tokens>4000 OR system_prompt_tokens/prompt_tokens>60%,7d,Canonical Signal Catalog query; Product Catalog rate_delta; Reconciler outcomes,LiteLLM;Portkey;LangSmith;Helicone,input token and cached-token rates,ai.model.same-modality-context-window-and-slo-tier,Manifest-driven integration + health probe + signal binding + backtest,Supported if listed metrics are available in Signal Catalog; native advisor rows can be imported as normalized Findings,From attached AI CostVars Layer 6; baseline threshold as listed
BR-0410,"Prompt token bloat (FinOps, strict)",AI,Tokens,FinOps,FinOps Basic Provider Registry + Signal Catalog,ModelRoute,P0,Very High,Medium,prompt_tokens;system_prompt_tokens;request_count,p50_prompt_tokens>4000 OR system_prompt_tokens/prompt_tokens>60%; strict mode adds 20% safety headroom,7d,Canonical Signal Catalog query; Product Catalog rate_delta; Reconciler outcomes,LiteLLM;Portkey;LangSmith;Helicone,input token and cached-token rates,ai.model.same-modality-context-window-and-slo-tier,Manifest-driven integration + health probe + signal binding + backtest,Supported if listed metrics are available in Signal Catalog; native advisor rows can be imported as normalized Findings,From attached AI CostVars Layer 6; prod-safe threshold: require +20% stronger evidence and owner approval
BR-0411,"Completion token overrun (AWS, standard)",AI,Tokens,AWS,AWS Compute Optimizer / Cost Optimization Hub / Trusted Advisor,ModelRoute,P1,High,Low,completion_tokens;max_tokens;stop_sequence_present,p95_completion_tokens<40% max_tokens AND no stop sequence,7d,CloudWatch; Compute Optimizer; Cost Explorer; CUR; Pricing API,LiteLLM;Portkey;Helicone,output token rates,ai.model.same-modality-context-window-and-slo-tier,IAM cross-account role + CUR + CloudWatch/ComputeOptimizer read,Supported if listed metrics are available in Signal Catalog; native advisor rows can be imported as normalized Findings,Set route-specific max_tokens; baseline threshold as listed
BR-0412,"Completion token overrun (AWS, strict)",AI,Tokens,AWS,AWS Compute Optimizer / Cost Optimization Hub / Trusted Advisor,ModelRoute,P1,High,Low,completion_tokens;max_tokens;stop_sequence_present,p95_completion_tokens<40% max_tokens AND no stop sequence; strict mode adds 20% safety headroom,7d,CloudWatch; Compute Optimizer; Cost Explorer; CUR; Pricing API,LiteLLM;Portkey;Helicone,output token rates,ai.model.same-modality-context-window-and-slo-tier,IAM cross-account role + CUR + CloudWatch/ComputeOptimizer read,Supported if listed metrics are available in Signal Catalog; native advisor rows can be imported as normalized Findings,Set route-specific max_tokens; prod-safe threshold: require +20% stronger evidence and owner approval
BR-0413,"Completion token overrun (Azure, standard)",AI,Tokens,Azure,Azure Advisor / Azure Monitor / Cost Management,ModelRoute,P1,High,Low,completion_tokens;max_tokens;stop_sequence_present,p95_completion_tokens<40% max_tokens AND no stop sequence,7d,Advisor API; Azure Monitor; Resource Graph; Cost Export; Retail Prices API,LiteLLM;Portkey;Helicone,output token rates,ai.model.same-modality-context-window-and-slo-tier,App Registration SPN + Reader/Monitoring Reader/Cost Reader/Advisor Reader,Supported if listed metrics are available in Signal Catalog; native advisor rows can be imported as normalized Findings,Set route-specific max_tokens; baseline threshold as listed
BR-0414,"Completion token overrun (Azure, strict)",AI,Tokens,Azure,Azure Advisor / Azure Monitor / Cost Management,ModelRoute,P1,High,Low,completion_tokens;max_tokens;stop_sequence_present,p95_completion_tokens<40% max_tokens AND no stop sequence; strict mode adds 20% safety headroom,7d,Advisor API; Azure Monitor; Resource Graph; Cost Export; Retail Prices API,LiteLLM;Portkey;Helicone,output token rates,ai.model.same-modality-context-window-and-slo-tier,App Registration SPN + Reader/Monitoring Reader/Cost Reader/Advisor Reader,Supported if listed metrics are available in Signal Catalog; native advisor rows can be imported as normalized Findings,Set route-specific max_tokens; prod-safe threshold: require +20% stronger evidence and owner approval
BR-0415,"Completion token overrun (GCP, standard)",AI,Tokens,GCP,Google Cloud Recommender / Monitoring / Billing Export,ModelRoute,P1,High,Low,completion_tokens;max_tokens;stop_sequence_present,p95_completion_tokens<40% max_tokens AND no stop sequence,7d,Recommender API; Cloud Monitoring; Cloud Asset Inventory; BigQuery Billing Export; Cloud Billing Catalog,LiteLLM;Portkey;Helicone,output token rates,ai.model.same-modality-context-window-and-slo-tier,Service account or WIF + recommender/monitoring/asset/billing export access,Supported if listed metrics are available in Signal Catalog; native advisor rows can be imported as normalized Findings,Set route-specific max_tokens; baseline threshold as listed
BR-0416,"Completion token overrun (GCP, strict)",AI,Tokens,GCP,Google Cloud Recommender / Monitoring / Billing Export,ModelRoute,P1,High,Low,completion_tokens;max_tokens;stop_sequence_present,p95_completion_tokens<40% max_tokens AND no stop sequence; strict mode adds 20% safety headroom,7d,Recommender API; Cloud Monitoring; Cloud Asset Inventory; BigQuery Billing Export; Cloud Billing Catalog,LiteLLM;Portkey;Helicone,output token rates,ai.model.same-modality-context-window-and-slo-tier,Service account or WIF + recommender/monitoring/asset/billing export access,Supported if listed metrics are available in Signal Catalog; native advisor rows can be imported as normalized Findings,Set route-specific max_tokens; prod-safe threshold: require +20% stronger evidence and owner approval
BR-0417,"Completion token overrun (SaaS, standard)",AI,Tokens,SaaS,CloudHealth / Cloudability / Densify / Datadog / Kubecost / Spot.io / Flexera,ModelRoute,P1,High,Low,completion_tokens;max_tokens;stop_sequence_present,p95_completion_tokens<40% max_tokens AND no stop sequence,7d,SaaS REST APIs; exports; webhooks; collectors,LiteLLM;Portkey;Helicone,output token rates,ai.model.same-modality-context-window-and-slo-tier,API token + account/cluster/resource mapping to FinOps Signal Catalog,Supported if listed metrics are available in Signal Catalog; native advisor rows can be imported as normalized Findings,Set route-specific max_tokens; baseline threshold as listed
BR-0418,"Completion token overrun (SaaS, strict)",AI,Tokens,SaaS,CloudHealth / Cloudability / Densify / Datadog / Kubecost / Spot.io / Flexera,ModelRoute,P1,High,Low,completion_tokens;max_tokens;stop_sequence_present,p95_completion_tokens<40% max_tokens AND no stop sequence; strict mode adds 20% safety headroom,7d,SaaS REST APIs; exports; webhooks; collectors,LiteLLM;Portkey;Helicone,output token rates,ai.model.same-modality-context-window-and-slo-tier,API token + account/cluster/resource mapping to FinOps Signal Catalog,Supported if listed metrics are available in Signal Catalog; native advisor rows can be imported as normalized Findings,Set route-specific max_tokens; prod-safe threshold: require +20% stronger evidence and owner approval
BR-0419,"Completion token overrun (FinOps, standard)",AI,Tokens,FinOps,FinOps Basic Provider Registry + Signal Catalog,ModelRoute,P1,High,Low,completion_tokens;max_tokens;stop_sequence_present,p95_completion_tokens<40% max_tokens AND no stop sequence,7d,Canonical Signal Catalog query; Product Catalog rate_delta; Reconciler outcomes,LiteLLM;Portkey;Helicone,output token rates,ai.model.same-modality-context-window-and-slo-tier,Manifest-driven integration + health probe + signal binding + backtest,Supported if listed metrics are available in Signal Catalog; native advisor rows can be imported as normalized Findings,Set route-specific max_tokens; baseline threshold as listed
BR-0420,"Completion token overrun (FinOps, strict)",AI,Tokens,FinOps,FinOps Basic Provider Registry + Signal Catalog,ModelRoute,P1,High,Low,completion_tokens;max_tokens;stop_sequence_present,p95_completion_tokens<40% max_tokens AND no stop sequence; strict mode adds 20% safety headroom,7d,Canonical Signal Catalog query; Product Catalog rate_delta; Reconciler outcomes,LiteLLM;Portkey;Helicone,output token rates,ai.model.same-modality-context-window-and-slo-tier,Manifest-driven integration + health probe + signal binding + backtest,Supported if listed metrics are available in Signal Catalog; native advisor rows can be imported as normalized Findings,Set route-specific max_tokens; prod-safe threshold: require +20% stronger evidence and owner approval
BR-0421,"Context window bloat (AWS, standard)",AI,Context,AWS,AWS Compute Optimizer / Cost Optimization Hub / Trusted Advisor,ModelRoute,P0,High,Medium,total_tokens;retrieved_chunk_count;chunk_relevance_score,chunks>8 OR avg_relevance<0.55,7d,CloudWatch; Compute Optimizer; Cost Explorer; CUR; Pricing API,LangSmith;Cohere Rerank;LlamaIndex,input token rates,ai.model.same-modality-context-window-and-slo-tier,IAM cross-account role + CUR + CloudWatch/ComputeOptimizer read,Supported if listed metrics are available in Signal Catalog; native advisor rows can be imported as normalized Findings,Reduce chunks/relevance threshold; baseline threshold as listed
BR-0422,"Context window bloat (AWS, strict)",AI,Context,AWS,AWS Compute Optimizer / Cost Optimization Hub / Trusted Advisor,ModelRoute,P0,High,Medium,total_tokens;retrieved_chunk_count;chunk_relevance_score,chunks>8 OR avg_relevance<0.55; strict mode adds 20% safety headroom,7d,CloudWatch; Compute Optimizer; Cost Explorer; CUR; Pricing API,LangSmith;Cohere Rerank;LlamaIndex,input token rates,ai.model.same-modality-context-window-and-slo-tier,IAM cross-account role + CUR + CloudWatch/ComputeOptimizer read,Supported if listed metrics are available in Signal Catalog; native advisor rows can be imported as normalized Findings,Reduce chunks/relevance threshold; prod-safe threshold: require +20% stronger evidence and owner approval
BR-0423,"Context window bloat (Azure, standard)",AI,Context,Azure,Azure Advisor / Azure Monitor / Cost Management,ModelRoute,P0,High,Medium,total_tokens;retrieved_chunk_count;chunk_relevance_score,chunks>8 OR avg_relevance<0.55,7d,Advisor API; Azure Monitor; Resource Graph; Cost Export; Retail Prices API,LangSmith;Cohere Rerank;LlamaIndex,input token rates,ai.model.same-modality-context-window-and-slo-tier,App Registration SPN + Reader/Monitoring Reader/Cost Reader/Advisor Reader,Supported if listed metrics are available in Signal Catalog; native advisor rows can be imported as normalized Findings,Reduce chunks/relevance threshold; baseline threshold as listed
BR-0424,"Context window bloat (Azure, strict)",AI,Context,Azure,Azure Advisor / Azure Monitor / Cost Management,ModelRoute,P0,High,Medium,total_tokens;retrieved_chunk_count;chunk_relevance_score,chunks>8 OR avg_relevance<0.55; strict mode adds 20% safety headroom,7d,Advisor API; Azure Monitor; Resource Graph; Cost Export; Retail Prices API,LangSmith;Cohere Rerank;LlamaIndex,input token rates,ai.model.same-modality-context-window-and-slo-tier,App Registration SPN + Reader/Monitoring Reader/Cost Reader/Advisor Reader,Supported if listed metrics are available in Signal Catalog; native advisor rows can be imported as normalized Findings,Reduce chunks/relevance threshold; prod-safe threshold: require +20% stronger evidence and owner approval
BR-0425,"Context window bloat (GCP, standard)",AI,Context,GCP,Google Cloud Recommender / Monitoring / Billing Export,ModelRoute,P0,High,Medium,total_tokens;retrieved_chunk_count;chunk_relevance_score,chunks>8 OR avg_relevance<0.55,7d,Recommender API; Cloud Monitoring; Cloud Asset Inventory; BigQuery Billing Export; Cloud Billing Catalog,LangSmith;Cohere Rerank;LlamaIndex,input token rates,ai.model.same-modality-context-window-and-slo-tier,Service account or WIF + recommender/monitoring/asset/billing export access,Supported if listed metrics are available in Signal Catalog; native advisor rows can be imported as normalized Findings,Reduce chunks/relevance threshold; baseline threshold as listed
BR-0426,"Context window bloat (GCP, strict)",AI,Context,GCP,Google Cloud Recommender / Monitoring / Billing Export,ModelRoute,P0,High,Medium,total_tokens;retrieved_chunk_count;chunk_relevance_score,chunks>8 OR avg_relevance<0.55; strict mode adds 20% safety headroom,7d,Recommender API; Cloud Monitoring; Cloud Asset Inventory; BigQuery Billing Export; Cloud Billing Catalog,LangSmith;Cohere Rerank;LlamaIndex,input token rates,ai.model.same-modality-context-window-and-slo-tier,Service account or WIF + recommender/monitoring/asset/billing export access,Supported if listed metrics are available in Signal Catalog; native advisor rows can be imported as normalized Findings,Reduce chunks/relevance threshold; prod-safe threshold: require +20% stronger evidence and owner approval
BR-0427,"Context window bloat (SaaS, standard)",AI,Context,SaaS,CloudHealth / Cloudability / Densify / Datadog / Kubecost / Spot.io / Flexera,ModelRoute,P0,High,Medium,total_tokens;retrieved_chunk_count;chunk_relevance_score,chunks>8 OR avg_relevance<0.55,7d,SaaS REST APIs; exports; webhooks; collectors,LangSmith;Cohere Rerank;LlamaIndex,input token rates,ai.model.same-modality-context-window-and-slo-tier,API token + account/cluster/resource mapping to FinOps Signal Catalog,Supported if listed metrics are available in Signal Catalog; native advisor rows can be imported as normalized Findings,Reduce chunks/relevance threshold; baseline threshold as listed
BR-0428,"Context window bloat (SaaS, strict)",AI,Context,SaaS,CloudHealth / Cloudability / Densify / Datadog / Kubecost / Spot.io / Flexera,ModelRoute,P0,High,Medium,total_tokens;retrieved_chunk_count;chunk_relevance_score,chunks>8 OR avg_relevance<0.55; strict mode adds 20% safety headroom,7d,SaaS REST APIs; exports; webhooks; collectors,LangSmith;Cohere Rerank;LlamaIndex,input token rates,ai.model.same-modality-context-window-and-slo-tier,API token + account/cluster/resource mapping to FinOps Signal Catalog,Supported if listed metrics are available in Signal Catalog; native advisor rows can be imported as normalized Findings,Reduce chunks/relevance threshold; prod-safe threshold: require +20% stronger evidence and owner approval
BR-0429,"Context window bloat (FinOps, standard)",AI,Context,FinOps,FinOps Basic Provider Registry + Signal Catalog,ModelRoute,P0,High,Medium,total_tokens;retrieved_chunk_count;chunk_relevance_score,chunks>8 OR avg_relevance<0.55,7d,Canonical Signal Catalog query; Product Catalog rate_delta; Reconciler outcomes,LangSmith;Cohere Rerank;LlamaIndex,input token rates,ai.model.same-modality-context-window-and-slo-tier,Manifest-driven integration + health probe + signal binding + backtest,Supported if listed metrics are available in Signal Catalog; native advisor rows can be imported as normalized Findings,Reduce chunks/relevance threshold; baseline threshold as listed
BR-0430,"Context window bloat (FinOps, strict)",AI,Context,FinOps,FinOps Basic Provider Registry + Signal Catalog,ModelRoute,P0,High,Medium,total_tokens;retrieved_chunk_count;chunk_relevance_score,chunks>8 OR avg_relevance<0.55; strict mode adds 20% safety headroom,7d,Canonical Signal Catalog query; Product Catalog rate_delta; Reconciler outcomes,LangSmith;Cohere Rerank;LlamaIndex,input token rates,ai.model.same-modality-context-window-and-slo-tier,Manifest-driven integration + health probe + signal binding + backtest,Supported if listed metrics are available in Signal Catalog; native advisor rows can be imported as normalized Findings,Reduce chunks/relevance threshold; prod-safe threshold: require +20% stronger evidence and owner approval
BR-0431,"Embedding duplicate calls (AWS, standard)",AI,Embeddings,AWS,AWS Compute Optimizer / Cost Optimization Hub / Trusted Advisor,DeleteOrphan,P0,High,Medium,embedding_calls;cache_hit_pct;document_hash_repeat_pct,cache_hit<70% AND repeated_hash>20%,7d,CloudWatch; Compute Optimizer; Cost Explorer; CUR; Pricing API,LiteLLM;Redis;Pinecone,embedding token rates,ai.model.same-modality-context-window-and-slo-tier,IAM cross-account role + CUR + CloudWatch/ComputeOptimizer read,Supported if listed metrics are available in Signal Catalog; native advisor rows can be imported as normalized Findings,Hash cache and incremental embedding; baseline threshold as listed
BR-0432,"Embedding duplicate calls (AWS, strict)",AI,Embeddings,AWS,AWS Compute Optimizer / Cost Optimization Hub / Trusted Advisor,DeleteOrphan,P0,High,Medium,embedding_calls;cache_hit_pct;document_hash_repeat_pct,cache_hit<70% AND repeated_hash>20%; strict mode adds 20% safety headroom,7d,CloudWatch; Compute Optimizer; Cost Explorer; CUR; Pricing API,LiteLLM;Redis;Pinecone,embedding token rates,ai.model.same-modality-context-window-and-slo-tier,IAM cross-account role + CUR + CloudWatch/ComputeOptimizer read,Supported if listed metrics are available in Signal Catalog; native advisor rows can be imported as normalized Findings,Hash cache and incremental embedding; prod-safe threshold: require +20% stronger evidence and owner approval
BR-0433,"Embedding duplicate calls (Azure, standard)",AI,Embeddings,Azure,Azure Advisor / Azure Monitor / Cost Management,DeleteOrphan,P0,High,Medium,embedding_calls;cache_hit_pct;document_hash_repeat_pct,cache_hit<70% AND repeated_hash>20%,7d,Advisor API; Azure Monitor; Resource Graph; Cost Export; Retail Prices API,LiteLLM;Redis;Pinecone,embedding token rates,ai.model.same-modality-context-window-and-slo-tier,App Registration SPN + Reader/Monitoring Reader/Cost Reader/Advisor Reader,Supported if listed metrics are available in Signal Catalog; native advisor rows can be imported as normalized Findings,Hash cache and incremental embedding; baseline threshold as listed
BR-0434,"Embedding duplicate calls (Azure, strict)",AI,Embeddings,Azure,Azure Advisor / Azure Monitor / Cost Management,DeleteOrphan,P0,High,Medium,embedding_calls;cache_hit_pct;document_hash_repeat_pct,cache_hit<70% AND repeated_hash>20%; strict mode adds 20% safety headroom,7d,Advisor API; Azure Monitor; Resource Graph; Cost Export; Retail Prices API,LiteLLM;Redis;Pinecone,embedding token rates,ai.model.same-modality-context-window-and-slo-tier,App Registration SPN + Reader/Monitoring Reader/Cost Reader/Advisor Reader,Supported if listed metrics are available in Signal Catalog; native advisor rows can be imported as normalized Findings,Hash cache and incremental embedding; prod-safe threshold: require +20% stronger evidence and owner approval
BR-0435,"Embedding duplicate calls (GCP, standard)",AI,Embeddings,GCP,Google Cloud Recommender / Monitoring / Billing Export,DeleteOrphan,P0,High,Medium,embedding_calls;cache_hit_pct;document_hash_repeat_pct,cache_hit<70% AND repeated_hash>20%,7d,Recommender API; Cloud Monitoring; Cloud Asset Inventory; BigQuery Billing Export; Cloud Billing Catalog,LiteLLM;Redis;Pinecone,embedding token rates,ai.model.same-modality-context-window-and-slo-tier,Service account or WIF + recommender/monitoring/asset/billing export access,Supported if listed metrics are available in Signal Catalog; native advisor rows can be imported as normalized Findings,Hash cache and incremental embedding; baseline threshold as listed
BR-0436,"Embedding duplicate calls (GCP, strict)",AI,Embeddings,GCP,Google Cloud Recommender / Monitoring / Billing Export,DeleteOrphan,P0,High,Medium,embedding_calls;cache_hit_pct;document_hash_repeat_pct,cache_hit<70% AND repeated_hash>20%; strict mode adds 20% safety headroom,7d,Recommender API; Cloud Monitoring; Cloud Asset Inventory; BigQuery Billing Export; Cloud Billing Catalog,LiteLLM;Redis;Pinecone,embedding token rates,ai.model.same-modality-context-window-and-slo-tier,Service account or WIF + recommender/monitoring/asset/billing export access,Supported if listed metrics are available in Signal Catalog; native advisor rows can be imported as normalized Findings,Hash cache and incremental embedding; prod-safe threshold: require +20% stronger evidence and owner approval
BR-0437,"Embedding duplicate calls (SaaS, standard)",AI,Embeddings,SaaS,CloudHealth / Cloudability / Densify / Datadog / Kubecost / Spot.io / Flexera,DeleteOrphan,P0,High,Medium,embedding_calls;cache_hit_pct;document_hash_repeat_pct,cache_hit<70% AND repeated_hash>20%,7d,SaaS REST APIs; exports; webhooks; collectors,LiteLLM;Redis;Pinecone,embedding token rates,ai.model.same-modality-context-window-and-slo-tier,API token + account/cluster/resource mapping to FinOps Signal Catalog,Supported if listed metrics are available in Signal Catalog; native advisor rows can be imported as normalized Findings,Hash cache and incremental embedding; baseline threshold as listed
BR-0438,"Embedding duplicate calls (SaaS, strict)",AI,Embeddings,SaaS,CloudHealth / Cloudability / Densify / Datadog / Kubecost / Spot.io / Flexera,DeleteOrphan,P0,High,Medium,embedding_calls;cache_hit_pct;document_hash_repeat_pct,cache_hit<70% AND repeated_hash>20%; strict mode adds 20% safety headroom,7d,SaaS REST APIs; exports; webhooks; collectors,LiteLLM;Redis;Pinecone,embedding token rates,ai.model.same-modality-context-window-and-slo-tier,API token + account/cluster/resource mapping to FinOps Signal Catalog,Supported if listed metrics are available in Signal Catalog; native advisor rows can be imported as normalized Findings,Hash cache and incremental embedding; prod-safe threshold: require +20% stronger evidence and owner approval
BR-0439,"Embedding duplicate calls (FinOps, standard)",AI,Embeddings,FinOps,FinOps Basic Provider Registry + Signal Catalog,DeleteOrphan,P0,High,Medium,embedding_calls;cache_hit_pct;document_hash_repeat_pct,cache_hit<70% AND repeated_hash>20%,7d,Canonical Signal Catalog query; Product Catalog rate_delta; Reconciler outcomes,LiteLLM;Redis;Pinecone,embedding token rates,ai.model.same-modality-context-window-and-slo-tier,Manifest-driven integration + health probe + signal binding + backtest,Supported if listed metrics are available in Signal Catalog; native advisor rows can be imported as normalized Findings,Hash cache and incremental embedding; baseline threshold as listed
BR-0440,"Embedding duplicate calls (FinOps, strict)",AI,Embeddings,FinOps,FinOps Basic Provider Registry + Signal Catalog,DeleteOrphan,P0,High,Medium,embedding_calls;cache_hit_pct;document_hash_repeat_pct,cache_hit<70% AND repeated_hash>20%; strict mode adds 20% safety headroom,7d,Canonical Signal Catalog query; Product Catalog rate_delta; Reconciler outcomes,LiteLLM;Redis;Pinecone,embedding token rates,ai.model.same-modality-context-window-and-slo-tier,Manifest-driven integration + health probe + signal binding + backtest,Supported if listed metrics are available in Signal Catalog; native advisor rows can be imported as normalized Findings,Hash cache and incremental embedding; prod-safe threshold: require +20% stronger evidence and owner approval
BR-0441,"Agent loop token waste (AWS, standard)",AI,Agents,AWS,AWS Compute Optimizer / Cost Optimization Hub / Trusted Advisor,SchedulePause,P0,Very High,Medium,agent_steps;tool_error_rate;session_token_cost,p95_steps>12 OR tool_error_rate>15%,7d,CloudWatch; Compute Optimizer; Cost Explorer; CUR; Pricing API,LangSmith;Portkey;LangGraph,token cost per session,ai.model.same-modality-context-window-and-slo-tier,IAM cross-account role + CUR + CloudWatch/ComputeOptimizer read,Supported if listed metrics are available in Signal Catalog; native advisor rows can be imported as normalized Findings,Set max iterations and tool validation; baseline threshold as listed
BR-0442,"Agent loop token waste (AWS, strict)",AI,Agents,AWS,AWS Compute Optimizer / Cost Optimization Hub / Trusted Advisor,SchedulePause,P0,Very High,Medium,agent_steps;tool_error_rate;session_token_cost,p95_steps>12 OR tool_error_rate>15%; strict mode adds 20% safety headroom,7d,CloudWatch; Compute Optimizer; Cost Explorer; CUR; Pricing API,LangSmith;Portkey;LangGraph,token cost per session,ai.model.same-modality-context-window-and-slo-tier,IAM cross-account role + CUR + CloudWatch/ComputeOptimizer read,Supported if listed metrics are available in Signal Catalog; native advisor rows can be imported as normalized Findings,Set max iterations and tool validation; prod-safe threshold: require +20% stronger evidence and owner approval
BR-0443,"Agent loop token waste (Azure, standard)",AI,Agents,Azure,Azure Advisor / Azure Monitor / Cost Management,SchedulePause,P0,Very High,Medium,agent_steps;tool_error_rate;session_token_cost,p95_steps>12 OR tool_error_rate>15%,7d,Advisor API; Azure Monitor; Resource Graph; Cost Export; Retail Prices API,LangSmith;Portkey;LangGraph,token cost per session,ai.model.same-modality-context-window-and-slo-tier,App Registration SPN + Reader/Monitoring Reader/Cost Reader/Advisor Reader,Supported if listed metrics are available in Signal Catalog; native advisor rows can be imported as normalized Findings,Set max iterations and tool validation; baseline threshold as listed
BR-0444,"Agent loop token waste (Azure, strict)",AI,Agents,Azure,Azure Advisor / Azure Monitor / Cost Management,SchedulePause,P0,Very High,Medium,agent_steps;tool_error_rate;session_token_cost,p95_steps>12 OR tool_error_rate>15%; strict mode adds 20% safety headroom,7d,Advisor API; Azure Monitor; Resource Graph; Cost Export; Retail Prices API,LangSmith;Portkey;LangGraph,token cost per session,ai.model.same-modality-context-window-and-slo-tier,App Registration SPN + Reader/Monitoring Reader/Cost Reader/Advisor Reader,Supported if listed metrics are available in Signal Catalog; native advisor rows can be imported as normalized Findings,Set max iterations and tool validation; prod-safe threshold: require +20% stronger evidence and owner approval
BR-0445,"Agent loop token waste (GCP, standard)",AI,Agents,GCP,Google Cloud Recommender / Monitoring / Billing Export,SchedulePause,P0,Very High,Medium,agent_steps;tool_error_rate;session_token_cost,p95_steps>12 OR tool_error_rate>15%,7d,Recommender API; Cloud Monitoring; Cloud Asset Inventory; BigQuery Billing Export; Cloud Billing Catalog,LangSmith;Portkey;LangGraph,token cost per session,ai.model.same-modality-context-window-and-slo-tier,Service account or WIF + recommender/monitoring/asset/billing export access,Supported if listed metrics are available in Signal Catalog; native advisor rows can be imported as normalized Findings,Set max iterations and tool validation; baseline threshold as listed
BR-0446,"Agent loop token waste (GCP, strict)",AI,Agents,GCP,Google Cloud Recommender / Monitoring / Billing Export,SchedulePause,P0,Very High,Medium,agent_steps;tool_error_rate;session_token_cost,p95_steps>12 OR tool_error_rate>15%; strict mode adds 20% safety headroom,7d,Recommender API; Cloud Monitoring; Cloud Asset Inventory; BigQuery Billing Export; Cloud Billing Catalog,LangSmith;Portkey;LangGraph,token cost per session,ai.model.same-modality-context-window-and-slo-tier,Service account or WIF + recommender/monitoring/asset/billing export access,Supported if listed metrics are available in Signal Catalog; native advisor rows can be imported as normalized Findings,Set max iterations and tool validation; prod-safe threshold: require +20% stronger evidence and owner approval
BR-0447,"Agent loop token waste (SaaS, standard)",AI,Agents,SaaS,CloudHealth / Cloudability / Densify / Datadog / Kubecost / Spot.io / Flexera,SchedulePause,P0,Very High,Medium,agent_steps;tool_error_rate;session_token_cost,p95_steps>12 OR tool_error_rate>15%,7d,SaaS REST APIs; exports; webhooks; collectors,LangSmith;Portkey;LangGraph,token cost per session,ai.model.same-modality-context-window-and-slo-tier,API token + account/cluster/resource mapping to FinOps Signal Catalog,Supported if listed metrics are available in Signal Catalog; native advisor rows can be imported as normalized Findings,Set max iterations and tool validation; baseline threshold as listed
BR-0448,"Agent loop token waste (SaaS, strict)",AI,Agents,SaaS,CloudHealth / Cloudability / Densify / Datadog / Kubecost / Spot.io / Flexera,SchedulePause,P0,Very High,Medium,agent_steps;tool_error_rate;session_token_cost,p95_steps>12 OR tool_error_rate>15%; strict mode adds 20% safety headroom,7d,SaaS REST APIs; exports; webhooks; collectors,LangSmith;Portkey;LangGraph,token cost per session,ai.model.same-modality-context-window-and-slo-tier,API token + account/cluster/resource mapping to FinOps Signal Catalog,Supported if listed metrics are available in Signal Catalog; native advisor rows can be imported as normalized Findings,Set max iterations and tool validation; prod-safe threshold: require +20% stronger evidence and owner approval
BR-0449,"Agent loop token waste (FinOps, standard)",AI,Agents,FinOps,FinOps Basic Provider Registry + Signal Catalog,SchedulePause,P0,Very High,Medium,agent_steps;tool_error_rate;session_token_cost,p95_steps>12 OR tool_error_rate>15%,7d,Canonical Signal Catalog query; Product Catalog rate_delta; Reconciler outcomes,LangSmith;Portkey;LangGraph,token cost per session,ai.model.same-modality-context-window-and-slo-tier,Manifest-driven integration + health probe + signal binding + backtest,Supported if listed metrics are available in Signal Catalog; native advisor rows can be imported as normalized Findings,Set max iterations and tool validation; baseline threshold as listed
BR-0450,"Agent loop token waste (FinOps, strict)",AI,Agents,FinOps,FinOps Basic Provider Registry + Signal Catalog,SchedulePause,P0,Very High,Medium,agent_steps;tool_error_rate;session_token_cost,p95_steps>12 OR tool_error_rate>15%; strict mode adds 20% safety headroom,7d,Canonical Signal Catalog query; Product Catalog rate_delta; Reconciler outcomes,LangSmith;Portkey;LangGraph,token cost per session,ai.model.same-modality-context-window-and-slo-tier,Manifest-driven integration + health probe + signal binding + backtest,Supported if listed metrics are available in Signal Catalog; native advisor rows can be imported as normalized Findings,Set max iterations and tool validation; prod-safe threshold: require +20% stronger evidence and owner approval
BR-0451,"Frontier model overuse (AWS, standard)",AI,Model Routing,AWS,AWS Compute Optimizer / Cost Optimization Hub / Trusted Advisor,ModelRoute,P0,Very High,High,model_name;request_complexity_score;quality_delta,frontier_model_pct>80% AND simple_query_pct>50%,14d,CloudWatch; Compute Optimizer; Cost Explorer; CUR; Pricing API,RouteLLM;LiteLLM;Martian;Portkey,model input/output rates,ai.model.same-modality-context-window-and-slo-tier,IAM cross-account role + CUR + CloudWatch/ComputeOptimizer read,Supported if listed metrics are available in Signal Catalog; native advisor rows can be imported as normalized Findings,Rule routes by label/score; no trace fusion; baseline threshold as listed
BR-0452,"Frontier model overuse (AWS, strict)",AI,Model Routing,AWS,AWS Compute Optimizer / Cost Optimization Hub / Trusted Advisor,ModelRoute,P0,Very High,High,model_name;request_complexity_score;quality_delta,frontier_model_pct>80% AND simple_query_pct>50%; strict mode adds 20% safety headroom,14d,CloudWatch; Compute Optimizer; Cost Explorer; CUR; Pricing API,RouteLLM;LiteLLM;Martian;Portkey,model input/output rates,ai.model.same-modality-context-window-and-slo-tier,IAM cross-account role + CUR + CloudWatch/ComputeOptimizer read,Supported if listed metrics are available in Signal Catalog; native advisor rows can be imported as normalized Findings,Rule routes by label/score; no trace fusion; prod-safe threshold: require +20% stronger evidence and owner approval
BR-0453,"Frontier model overuse (Azure, standard)",AI,Model Routing,Azure,Azure Advisor / Azure Monitor / Cost Management,ModelRoute,P0,Very High,High,model_name;request_complexity_score;quality_delta,frontier_model_pct>80% AND simple_query_pct>50%,14d,Advisor API; Azure Monitor; Resource Graph; Cost Export; Retail Prices API,RouteLLM;LiteLLM;Martian;Portkey,model input/output rates,ai.model.same-modality-context-window-and-slo-tier,App Registration SPN + Reader/Monitoring Reader/Cost Reader/Advisor Reader,Supported if listed metrics are available in Signal Catalog; native advisor rows can be imported as normalized Findings,Rule routes by label/score; no trace fusion; baseline threshold as listed
BR-0454,"Frontier model overuse (Azure, strict)",AI,Model Routing,Azure,Azure Advisor / Azure Monitor / Cost Management,ModelRoute,P0,Very High,High,model_name;request_complexity_score;quality_delta,frontier_model_pct>80% AND simple_query_pct>50%; strict mode adds 20% safety headroom,14d,Advisor API; Azure Monitor; Resource Graph; Cost Export; Retail Prices API,RouteLLM;LiteLLM;Martian;Portkey,model input/output rates,ai.model.same-modality-context-window-and-slo-tier,App Registration SPN + Reader/Monitoring Reader/Cost Reader/Advisor Reader,Supported if listed metrics are available in Signal Catalog; native advisor rows can be imported as normalized Findings,Rule routes by label/score; no trace fusion; prod-safe threshold: require +20% stronger evidence and owner approval
BR-0455,"Frontier model overuse (GCP, standard)",AI,Model Routing,GCP,Google Cloud Recommender / Monitoring / Billing Export,ModelRoute,P0,Very High,High,model_name;request_complexity_score;quality_delta,frontier_model_pct>80% AND simple_query_pct>50%,14d,Recommender API; Cloud Monitoring; Cloud Asset Inventory; BigQuery Billing Export; Cloud Billing Catalog,RouteLLM;LiteLLM;Martian;Portkey,model input/output rates,ai.model.same-modality-context-window-and-slo-tier,Service account or WIF + recommender/monitoring/asset/billing export access,Supported if listed metrics are available in Signal Catalog; native advisor rows can be imported as normalized Findings,Rule routes by label/score; no trace fusion; baseline threshold as listed
BR-0456,"Frontier model overuse (GCP, strict)",AI,Model Routing,GCP,Google Cloud Recommender / Monitoring / Billing Export,ModelRoute,P0,Very High,High,model_name;request_complexity_score;quality_delta,frontier_model_pct>80% AND simple_query_pct>50%; strict mode adds 20% safety headroom,14d,Recommender API; Cloud Monitoring; Cloud Asset Inventory; BigQuery Billing Export; Cloud Billing Catalog,RouteLLM;LiteLLM;Martian;Portkey,model input/output rates,ai.model.same-modality-context-window-and-slo-tier,Service account or WIF + recommender/monitoring/asset/billing export access,Supported if listed metrics are available in Signal Catalog; native advisor rows can be imported as normalized Findings,Rule routes by label/score; no trace fusion; prod-safe threshold: require +20% stronger evidence and owner approval
BR-0457,"Frontier model overuse (SaaS, standard)",AI,Model Routing,SaaS,CloudHealth / Cloudability / Densify / Datadog / Kubecost / Spot.io / Flexera,ModelRoute,P0,Very High,High,model_name;request_complexity_score;quality_delta,frontier_model_pct>80% AND simple_query_pct>50%,14d,SaaS REST APIs; exports; webhooks; collectors,RouteLLM;LiteLLM;Martian;Portkey,model input/output rates,ai.model.same-modality-context-window-and-slo-tier,API token + account/cluster/resource mapping to FinOps Signal Catalog,Supported if listed metrics are available in Signal Catalog; native advisor rows can be imported as normalized Findings,Rule routes by label/score; no trace fusion; baseline threshold as listed
BR-0458,"Frontier model overuse (SaaS, strict)",AI,Model Routing,SaaS,CloudHealth / Cloudability / Densify / Datadog / Kubecost / Spot.io / Flexera,ModelRoute,P0,Very High,High,model_name;request_complexity_score;quality_delta,frontier_model_pct>80% AND simple_query_pct>50%; strict mode adds 20% safety headroom,14d,SaaS REST APIs; exports; webhooks; collectors,RouteLLM;LiteLLM;Martian;Portkey,model input/output rates,ai.model.same-modality-context-window-and-slo-tier,API token + account/cluster/resource mapping to FinOps Signal Catalog,Supported if listed metrics are available in Signal Catalog; native advisor rows can be imported as normalized Findings,Rule routes by label/score; no trace fusion; prod-safe threshold: require +20% stronger evidence and owner approval
BR-0459,"Frontier model overuse (FinOps, standard)",AI,Model Routing,FinOps,FinOps Basic Provider Registry + Signal Catalog,ModelRoute,P0,Very High,High,model_name;request_complexity_score;quality_delta,frontier_model_pct>80% AND simple_query_pct>50%,14d,Canonical Signal Catalog query; Product Catalog rate_delta; Reconciler outcomes,RouteLLM;LiteLLM;Martian;Portkey,model input/output rates,ai.model.same-modality-context-window-and-slo-tier,Manifest-driven integration + health probe + signal binding + backtest,Supported if listed metrics are available in Signal Catalog; native advisor rows can be imported as normalized Findings,Rule routes by label/score; no trace fusion; baseline threshold as listed
BR-0460,"Frontier model overuse (FinOps, strict)",AI,Model Routing,FinOps,FinOps Basic Provider Registry + Signal Catalog,ModelRoute,P0,Very High,High,model_name;request_complexity_score;quality_delta,frontier_model_pct>80% AND simple_query_pct>50%; strict mode adds 20% safety headroom,14d,Canonical Signal Catalog query; Product Catalog rate_delta; Reconciler outcomes,RouteLLM;LiteLLM;Martian;Portkey,model input/output rates,ai.model.same-modality-context-window-and-slo-tier,Manifest-driven integration + health probe + signal binding + backtest,Supported if listed metrics are available in Signal Catalog; native advisor rows can be imported as normalized Findings,Rule routes by label/score; no trace fusion; prod-safe threshold: require +20% stronger evidence and owner approval
BR-0461,"Rate-limit retry token waste (AWS, standard)",AI,Rate Limits,AWS,AWS Compute Optimizer / Cost Optimization Hub / Trusted Advisor,SchedulePause,P0,High,Low,http_429_rate;retry_count;retried_prompt_tokens,http_429_rate>1% OR retried_prompt_tokens>1M/day,7d,CloudWatch; Compute Optimizer; Cost Explorer; CUR; Pricing API,LiteLLM;Kong AI Gateway;Portkey,wasted prompt token cost,ai.model.same-modality-context-window-and-slo-tier,IAM cross-account role + CUR + CloudWatch/ComputeOptimizer read,Supported if listed metrics are available in Signal Catalog; native advisor rows can be imported as normalized Findings,"Token bucket, queue, backoff; baseline threshold as listed"
BR-0462,"Rate-limit retry token waste (AWS, strict)",AI,Rate Limits,AWS,AWS Compute Optimizer / Cost Optimization Hub / Trusted Advisor,SchedulePause,P0,High,Low,http_429_rate;retry_count;retried_prompt_tokens,http_429_rate>1% OR retried_prompt_tokens>1M/day; strict mode adds 20% safety headroom,7d,CloudWatch; Compute Optimizer; Cost Explorer; CUR; Pricing API,LiteLLM;Kong AI Gateway;Portkey,wasted prompt token cost,ai.model.same-modality-context-window-and-slo-tier,IAM cross-account role + CUR + CloudWatch/ComputeOptimizer read,Supported if listed metrics are available in Signal Catalog; native advisor rows can be imported as normalized Findings,"Token bucket, queue, backoff; prod-safe threshold: require +20% stronger evidence and owner approval"
BR-0463,"Rate-limit retry token waste (Azure, standard)",AI,Rate Limits,Azure,Azure Advisor / Azure Monitor / Cost Management,SchedulePause,P0,High,Low,http_429_rate;retry_count;retried_prompt_tokens,http_429_rate>1% OR retried_prompt_tokens>1M/day,7d,Advisor API; Azure Monitor; Resource Graph; Cost Export; Retail Prices API,LiteLLM;Kong AI Gateway;Portkey,wasted prompt token cost,ai.model.same-modality-context-window-and-slo-tier,App Registration SPN + Reader/Monitoring Reader/Cost Reader/Advisor Reader,Supported if listed metrics are available in Signal Catalog; native advisor rows can be imported as normalized Findings,"Token bucket, queue, backoff; baseline threshold as listed"
BR-0464,"Rate-limit retry token waste (Azure, strict)",AI,Rate Limits,Azure,Azure Advisor / Azure Monitor / Cost Management,SchedulePause,P0,High,Low,http_429_rate;retry_count;retried_prompt_tokens,http_429_rate>1% OR retried_prompt_tokens>1M/day; strict mode adds 20% safety headroom,7d,Advisor API; Azure Monitor; Resource Graph; Cost Export; Retail Prices API,LiteLLM;Kong AI Gateway;Portkey,wasted prompt token cost,ai.model.same-modality-context-window-and-slo-tier,App Registration SPN + Reader/Monitoring Reader/Cost Reader/Advisor Reader,Supported if listed metrics are available in Signal Catalog; native advisor rows can be imported as normalized Findings,"Token bucket, queue, backoff; prod-safe threshold: require +20% stronger evidence and owner approval"
BR-0465,"Rate-limit retry token waste (GCP, standard)",AI,Rate Limits,GCP,Google Cloud Recommender / Monitoring / Billing Export,SchedulePause,P0,High,Low,http_429_rate;retry_count;retried_prompt_tokens,http_429_rate>1% OR retried_prompt_tokens>1M/day,7d,Recommender API; Cloud Monitoring; Cloud Asset Inventory; BigQuery Billing Export; Cloud Billing Catalog,LiteLLM;Kong AI Gateway;Portkey,wasted prompt token cost,ai.model.same-modality-context-window-and-slo-tier,Service account or WIF + recommender/monitoring/asset/billing export access,Supported if listed metrics are available in Signal Catalog; native advisor rows can be imported as normalized Findings,"Token bucket, queue, backoff; baseline threshold as listed"
BR-0466,"Rate-limit retry token waste (GCP, strict)",AI,Rate Limits,GCP,Google Cloud Recommender / Monitoring / Billing Export,SchedulePause,P0,High,Low,http_429_rate;retry_count;retried_prompt_tokens,http_429_rate>1% OR retried_prompt_tokens>1M/day; strict mode adds 20% safety headroom,7d,Recommender API; Cloud Monitoring; Cloud Asset Inventory; BigQuery Billing Export; Cloud Billing Catalog,LiteLLM;Kong AI Gateway;Portkey,wasted prompt token cost,ai.model.same-modality-context-window-and-slo-tier,Service account or WIF + recommender/monitoring/asset/billing export access,Supported if listed metrics are available in Signal Catalog; native advisor rows can be imported as normalized Findings,"Token bucket, queue, backoff; prod-safe threshold: require +20% stronger evidence and owner approval"
BR-0467,"Rate-limit retry token waste (SaaS, standard)",AI,Rate Limits,SaaS,CloudHealth / Cloudability / Densify / Datadog / Kubecost / Spot.io / Flexera,SchedulePause,P0,High,Low,http_429_rate;retry_count;retried_prompt_tokens,http_429_rate>1% OR retried_prompt_tokens>1M/day,7d,SaaS REST APIs; exports; webhooks; collectors,LiteLLM;Kong AI Gateway;Portkey,wasted prompt token cost,ai.model.same-modality-context-window-and-slo-tier,API token + account/cluster/resource mapping to FinOps Signal Catalog,Supported if listed metrics are available in Signal Catalog; native advisor rows can be imported as normalized Findings,"Token bucket, queue, backoff; baseline threshold as listed"
BR-0468,"Rate-limit retry token waste (SaaS, strict)",AI,Rate Limits,SaaS,CloudHealth / Cloudability / Densify / Datadog / Kubecost / Spot.io / Flexera,SchedulePause,P0,High,Low,http_429_rate;retry_count;retried_prompt_tokens,http_429_rate>1% OR retried_prompt_tokens>1M/day; strict mode adds 20% safety headroom,7d,SaaS REST APIs; exports; webhooks; collectors,LiteLLM;Kong AI Gateway;Portkey,wasted prompt token cost,ai.model.same-modality-context-window-and-slo-tier,API token + account/cluster/resource mapping to FinOps Signal Catalog,Supported if listed metrics are available in Signal Catalog; native advisor rows can be imported as normalized Findings,"Token bucket, queue, backoff; prod-safe threshold: require +20% stronger evidence and owner approval"
BR-0469,"Rate-limit retry token waste (FinOps, standard)",AI,Rate Limits,FinOps,FinOps Basic Provider Registry + Signal Catalog,SchedulePause,P0,High,Low,http_429_rate;retry_count;retried_prompt_tokens,http_429_rate>1% OR retried_prompt_tokens>1M/day,7d,Canonical Signal Catalog query; Product Catalog rate_delta; Reconciler outcomes,LiteLLM;Kong AI Gateway;Portkey,wasted prompt token cost,ai.model.same-modality-context-window-and-slo-tier,Manifest-driven integration + health probe + signal binding + backtest,Supported if listed metrics are available in Signal Catalog; native advisor rows can be imported as normalized Findings,"Token bucket, queue, backoff; baseline threshold as listed"
BR-0470,"Rate-limit retry token waste (FinOps, strict)",AI,Rate Limits,FinOps,FinOps Basic Provider Registry + Signal Catalog,SchedulePause,P0,High,Low,http_429_rate;retry_count;retried_prompt_tokens,http_429_rate>1% OR retried_prompt_tokens>1M/day; strict mode adds 20% safety headroom,7d,Canonical Signal Catalog query; Product Catalog rate_delta; Reconciler outcomes,LiteLLM;Kong AI Gateway;Portkey,wasted prompt token cost,ai.model.same-modality-context-window-and-slo-tier,Manifest-driven integration + health probe + signal binding + backtest,Supported if listed metrics are available in Signal Catalog; native advisor rows can be imported as normalized Findings,"Token bucket, queue, backoff; prod-safe threshold: require +20% stronger evidence and owner approval"
BR-0471,"RAG semantic cache opportunity (AWS, standard)",AI,RAG,AWS,AWS Compute Optimizer / Cost Optimization Hub / Trusted Advisor,TierMove,P1,High,Medium,semantic_cache_hit_pct;repeated_query_pct;rag_cost_per_query,repeated_query>20% AND cache_hit<40%,14d,CloudWatch; Compute Optimizer; Cost Explorer; CUR; Pricing API,GPTCache;LangSmith;Redis,embed+generation per-query cost,ai.model.same-modality-context-window-and-slo-tier,IAM cross-account role + CUR + CloudWatch/ComputeOptimizer read,Supported if listed metrics are available in Signal Catalog; native advisor rows can be imported as normalized Findings,Enable semantic cache; baseline threshold as listed
BR-0472,"RAG semantic cache opportunity (AWS, strict)",AI,RAG,AWS,AWS Compute Optimizer / Cost Optimization Hub / Trusted Advisor,TierMove,P1,High,Medium,semantic_cache_hit_pct;repeated_query_pct;rag_cost_per_query,repeated_query>20% AND cache_hit<40%; strict mode adds 20% safety headroom,14d,CloudWatch; Compute Optimizer; Cost Explorer; CUR; Pricing API,GPTCache;LangSmith;Redis,embed+generation per-query cost,ai.model.same-modality-context-window-and-slo-tier,IAM cross-account role + CUR + CloudWatch/ComputeOptimizer read,Supported if listed metrics are available in Signal Catalog; native advisor rows can be imported as normalized Findings,Enable semantic cache; prod-safe threshold: require +20% stronger evidence and owner approval
BR-0473,"RAG semantic cache opportunity (Azure, standard)",AI,RAG,Azure,Azure Advisor / Azure Monitor / Cost Management,TierMove,P1,High,Medium,semantic_cache_hit_pct;repeated_query_pct;rag_cost_per_query,repeated_query>20% AND cache_hit<40%,14d,Advisor API; Azure Monitor; Resource Graph; Cost Export; Retail Prices API,GPTCache;LangSmith;Redis,embed+generation per-query cost,ai.model.same-modality-context-window-and-slo-tier,App Registration SPN + Reader/Monitoring Reader/Cost Reader/Advisor Reader,Supported if listed metrics are available in Signal Catalog; native advisor rows can be imported as normalized Findings,Enable semantic cache; baseline threshold as listed
BR-0474,"RAG semantic cache opportunity (Azure, strict)",AI,RAG,Azure,Azure Advisor / Azure Monitor / Cost Management,TierMove,P1,High,Medium,semantic_cache_hit_pct;repeated_query_pct;rag_cost_per_query,repeated_query>20% AND cache_hit<40%; strict mode adds 20% safety headroom,14d,Advisor API; Azure Monitor; Resource Graph; Cost Export; Retail Prices API,GPTCache;LangSmith;Redis,embed+generation per-query cost,ai.model.same-modality-context-window-and-slo-tier,App Registration SPN + Reader/Monitoring Reader/Cost Reader/Advisor Reader,Supported if listed metrics are available in Signal Catalog; native advisor rows can be imported as normalized Findings,Enable semantic cache; prod-safe threshold: require +20% stronger evidence and owner approval
BR-0475,"RAG semantic cache opportunity (GCP, standard)",AI,RAG,GCP,Google Cloud Recommender / Monitoring / Billing Export,TierMove,P1,High,Medium,semantic_cache_hit_pct;repeated_query_pct;rag_cost_per_query,repeated_query>20% AND cache_hit<40%,14d,Recommender API; Cloud Monitoring; Cloud Asset Inventory; BigQuery Billing Export; Cloud Billing Catalog,GPTCache;LangSmith;Redis,embed+generation per-query cost,ai.model.same-modality-context-window-and-slo-tier,Service account or WIF + recommender/monitoring/asset/billing export access,Supported if listed metrics are available in Signal Catalog; native advisor rows can be imported as normalized Findings,Enable semantic cache; baseline threshold as listed
BR-0476,"RAG semantic cache opportunity (GCP, strict)",AI,RAG,GCP,Google Cloud Recommender / Monitoring / Billing Export,TierMove,P1,High,Medium,semantic_cache_hit_pct;repeated_query_pct;rag_cost_per_query,repeated_query>20% AND cache_hit<40%; strict mode adds 20% safety headroom,14d,Recommender API; Cloud Monitoring; Cloud Asset Inventory; BigQuery Billing Export; Cloud Billing Catalog,GPTCache;LangSmith;Redis,embed+generation per-query cost,ai.model.same-modality-context-window-and-slo-tier,Service account or WIF + recommender/monitoring/asset/billing export access,Supported if listed metrics are available in Signal Catalog; native advisor rows can be imported as normalized Findings,Enable semantic cache; prod-safe threshold: require +20% stronger evidence and owner approval
BR-0477,"RAG semantic cache opportunity (SaaS, standard)",AI,RAG,SaaS,CloudHealth / Cloudability / Densify / Datadog / Kubecost / Spot.io / Flexera,TierMove,P1,High,Medium,semantic_cache_hit_pct;repeated_query_pct;rag_cost_per_query,repeated_query>20% AND cache_hit<40%,14d,SaaS REST APIs; exports; webhooks; collectors,GPTCache;LangSmith;Redis,embed+generation per-query cost,ai.model.same-modality-context-window-and-slo-tier,API token + account/cluster/resource mapping to FinOps Signal Catalog,Supported if listed metrics are available in Signal Catalog; native advisor rows can be imported as normalized Findings,Enable semantic cache; baseline threshold as listed
BR-0478,"RAG semantic cache opportunity (SaaS, strict)",AI,RAG,SaaS,CloudHealth / Cloudability / Densify / Datadog / Kubecost / Spot.io / Flexera,TierMove,P1,High,Medium,semantic_cache_hit_pct;repeated_query_pct;rag_cost_per_query,repeated_query>20% AND cache_hit<40%; strict mode adds 20% safety headroom,14d,SaaS REST APIs; exports; webhooks; collectors,GPTCache;LangSmith;Redis,embed+generation per-query cost,ai.model.same-modality-context-window-and-slo-tier,API token + account/cluster/resource mapping to FinOps Signal Catalog,Supported if listed metrics are available in Signal Catalog; native advisor rows can be imported as normalized Findings,Enable semantic cache; prod-safe threshold: require +20% stronger evidence and owner approval
BR-0479,"RAG semantic cache opportunity (FinOps, standard)",AI,RAG,FinOps,FinOps Basic Provider Registry + Signal Catalog,TierMove,P1,High,Medium,semantic_cache_hit_pct;repeated_query_pct;rag_cost_per_query,repeated_query>20% AND cache_hit<40%,14d,Canonical Signal Catalog query; Product Catalog rate_delta; Reconciler outcomes,GPTCache;LangSmith;Redis,embed+generation per-query cost,ai.model.same-modality-context-window-and-slo-tier,Manifest-driven integration + health probe + signal binding + backtest,Supported if listed metrics are available in Signal Catalog; native advisor rows can be imported as normalized Findings,Enable semantic cache; baseline threshold as listed
BR-0480,"RAG semantic cache opportunity (FinOps, strict)",AI,RAG,FinOps,FinOps Basic Provider Registry + Signal Catalog,TierMove,P1,High,Medium,semantic_cache_hit_pct;repeated_query_pct;rag_cost_per_query,repeated_query>20% AND cache_hit<40%; strict mode adds 20% safety headroom,14d,Canonical Signal Catalog query; Product Catalog rate_delta; Reconciler outcomes,GPTCache;LangSmith;Redis,embed+generation per-query cost,ai.model.same-modality-context-window-and-slo-tier,Manifest-driven integration + health probe + signal binding + backtest,Supported if listed metrics are available in Signal Catalog; native advisor rows can be imported as normalized Findings,Enable semantic cache; prod-safe threshold: require +20% stronger evidence and owner approval
BR-0481,"Guardrail model overuse (AWS, standard)",AI,Guardrails,AWS,AWS Compute Optimizer / Cost Optimization Hub / Trusted Advisor,ModelRoute,P1,High,Medium,guardrail_cost_pct;low_risk_request_pct;heavy_guardrail_invocations,guardrail_cost>20% AND low_risk>70%,14d,CloudWatch; Compute Optimizer; Cost Explorer; CUR; Pricing API,NeMo Guardrails;Azure AI Content Safety;Aporia,guardrail token/inference cost,ai.model.same-modality-context-window-and-slo-tier,IAM cross-account role + CUR + CloudWatch/ComputeOptimizer read,Supported if listed metrics are available in Signal Catalog; native advisor rows can be imported as normalized Findings,Light classifier first; baseline threshold as listed
BR-0482,"Guardrail model overuse (AWS, strict)",AI,Guardrails,AWS,AWS Compute Optimizer / Cost Optimization Hub / Trusted Advisor,ModelRoute,P1,High,Medium,guardrail_cost_pct;low_risk_request_pct;heavy_guardrail_invocations,guardrail_cost>20% AND low_risk>70%; strict mode adds 20% safety headroom,14d,CloudWatch; Compute Optimizer; Cost Explorer; CUR; Pricing API,NeMo Guardrails;Azure AI Content Safety;Aporia,guardrail token/inference cost,ai.model.same-modality-context-window-and-slo-tier,IAM cross-account role + CUR + CloudWatch/ComputeOptimizer read,Supported if listed metrics are available in Signal Catalog; native advisor rows can be imported as normalized Findings,Light classifier first; prod-safe threshold: require +20% stronger evidence and owner approval
BR-0483,"Guardrail model overuse (Azure, standard)",AI,Guardrails,Azure,Azure Advisor / Azure Monitor / Cost Management,ModelRoute,P1,High,Medium,guardrail_cost_pct;low_risk_request_pct;heavy_guardrail_invocations,guardrail_cost>20% AND low_risk>70%,14d,Advisor API; Azure Monitor; Resource Graph; Cost Export; Retail Prices API,NeMo Guardrails;Azure AI Content Safety;Aporia,guardrail token/inference cost,ai.model.same-modality-context-window-and-slo-tier,App Registration SPN + Reader/Monitoring Reader/Cost Reader/Advisor Reader,Supported if listed metrics are available in Signal Catalog; native advisor rows can be imported as normalized Findings,Light classifier first; baseline threshold as listed
BR-0484,"Guardrail model overuse (Azure, strict)",AI,Guardrails,Azure,Azure Advisor / Azure Monitor / Cost Management,ModelRoute,P1,High,Medium,guardrail_cost_pct;low_risk_request_pct;heavy_guardrail_invocations,guardrail_cost>20% AND low_risk>70%; strict mode adds 20% safety headroom,14d,Advisor API; Azure Monitor; Resource Graph; Cost Export; Retail Prices API,NeMo Guardrails;Azure AI Content Safety;Aporia,guardrail token/inference cost,ai.model.same-modality-context-window-and-slo-tier,App Registration SPN + Reader/Monitoring Reader/Cost Reader/Advisor Reader,Supported if listed metrics are available in Signal Catalog; native advisor rows can be imported as normalized Findings,Light classifier first; prod-safe threshold: require +20% stronger evidence and owner approval
BR-0485,"Guardrail model overuse (GCP, standard)",AI,Guardrails,GCP,Google Cloud Recommender / Monitoring / Billing Export,ModelRoute,P1,High,Medium,guardrail_cost_pct;low_risk_request_pct;heavy_guardrail_invocations,guardrail_cost>20% AND low_risk>70%,14d,Recommender API; Cloud Monitoring; Cloud Asset Inventory; BigQuery Billing Export; Cloud Billing Catalog,NeMo Guardrails;Azure AI Content Safety;Aporia,guardrail token/inference cost,ai.model.same-modality-context-window-and-slo-tier,Service account or WIF + recommender/monitoring/asset/billing export access,Supported if listed metrics are available in Signal Catalog; native advisor rows can be imported as normalized Findings,Light classifier first; baseline threshold as listed
BR-0486,"Guardrail model overuse (GCP, strict)",AI,Guardrails,GCP,Google Cloud Recommender / Monitoring / Billing Export,ModelRoute,P1,High,Medium,guardrail_cost_pct;low_risk_request_pct;heavy_guardrail_invocations,guardrail_cost>20% AND low_risk>70%; strict mode adds 20% safety headroom,14d,Recommender API; Cloud Monitoring; Cloud Asset Inventory; BigQuery Billing Export; Cloud Billing Catalog,NeMo Guardrails;Azure AI Content Safety;Aporia,guardrail token/inference cost,ai.model.same-modality-context-window-and-slo-tier,Service account or WIF + recommender/monitoring/asset/billing export access,Supported if listed metrics are available in Signal Catalog; native advisor rows can be imported as normalized Findings,Light classifier first; prod-safe threshold: require +20% stronger evidence and owner approval
BR-0487,"Guardrail model overuse (SaaS, standard)",AI,Guardrails,SaaS,CloudHealth / Cloudability / Densify / Datadog / Kubecost / Spot.io / Flexera,ModelRoute,P1,High,Medium,guardrail_cost_pct;low_risk_request_pct;heavy_guardrail_invocations,guardrail_cost>20% AND low_risk>70%,14d,SaaS REST APIs; exports; webhooks; collectors,NeMo Guardrails;Azure AI Content Safety;Aporia,guardrail token/inference cost,ai.model.same-modality-context-window-and-slo-tier,API token + account/cluster/resource mapping to FinOps Signal Catalog,Supported if listed metrics are available in Signal Catalog; native advisor rows can be imported as normalized Findings,Light classifier first; baseline threshold as listed
BR-0488,"Guardrail model overuse (SaaS, strict)",AI,Guardrails,SaaS,CloudHealth / Cloudability / Densify / Datadog / Kubecost / Spot.io / Flexera,ModelRoute,P1,High,Medium,guardrail_cost_pct;low_risk_request_pct;heavy_guardrail_invocations,guardrail_cost>20% AND low_risk>70%; strict mode adds 20% safety headroom,14d,SaaS REST APIs; exports; webhooks; collectors,NeMo Guardrails;Azure AI Content Safety;Aporia,guardrail token/inference cost,ai.model.same-modality-context-window-and-slo-tier,API token + account/cluster/resource mapping to FinOps Signal Catalog,Supported if listed metrics are available in Signal Catalog; native advisor rows can be imported as normalized Findings,Light classifier first; prod-safe threshold: require +20% stronger evidence and owner approval
BR-0489,"Guardrail model overuse (FinOps, standard)",AI,Guardrails,FinOps,FinOps Basic Provider Registry + Signal Catalog,ModelRoute,P1,High,Medium,guardrail_cost_pct;low_risk_request_pct;heavy_guardrail_invocations,guardrail_cost>20% AND low_risk>70%,14d,Canonical Signal Catalog query; Product Catalog rate_delta; Reconciler outcomes,NeMo Guardrails;Azure AI Content Safety;Aporia,guardrail token/inference cost,ai.model.same-modality-context-window-and-slo-tier,Manifest-driven integration + health probe + signal binding + backtest,Supported if listed metrics are available in Signal Catalog; native advisor rows can be imported as normalized Findings,Light classifier first; baseline threshold as listed
BR-0490,"Guardrail model overuse (FinOps, strict)",AI,Guardrails,FinOps,FinOps Basic Provider Registry + Signal Catalog,ModelRoute,P1,High,Medium,guardrail_cost_pct;low_risk_request_pct;heavy_guardrail_invocations,guardrail_cost>20% AND low_risk>70%; strict mode adds 20% safety headroom,14d,Canonical Signal Catalog query; Product Catalog rate_delta; Reconciler outcomes,NeMo Guardrails;Azure AI Content Safety;Aporia,guardrail token/inference cost,ai.model.same-modality-context-window-and-slo-tier,Manifest-driven integration + health probe + signal binding + backtest,Supported if listed metrics are available in Signal Catalog; native advisor rows can be imported as normalized Findings,Light classifier first; prod-safe threshold: require +20% stronger evidence and owner approval
BR-0491,"Inference warm pool overprovision (AWS, standard)",AI,Inference,AWS,AWS Compute Optimizer / Cost Optimization Hub / Trusted Advisor,SchedulePause,P0,Very High,Medium,warm_replicas;p95_concurrency;traffic_by_hour,p95_concurrency<50% warm replicas off-hours,7d,CloudWatch; Compute Optimizer; Cost Explorer; CUR; Pricing API,KEDA;Knative;NVIDIA NIM;Datadog,GPU/CPU hourly rates,ai.model.same-modality-context-window-and-slo-tier,IAM cross-account role + CUR + CloudWatch/ComputeOptimizer read,Supported if listed metrics are available in Signal Catalog; native advisor rows can be imported as normalized Findings,From attached AI CostVars Layer 7; baseline threshold as listed
BR-0492,"Inference warm pool overprovision (AWS, strict)",AI,Inference,AWS,AWS Compute Optimizer / Cost Optimization Hub / Trusted Advisor,SchedulePause,P0,Very High,Medium,warm_replicas;p95_concurrency;traffic_by_hour,p95_concurrency<50% warm replicas off-hours; strict mode adds 20% safety headroom,7d,CloudWatch; Compute Optimizer; Cost Explorer; CUR; Pricing API,KEDA;Knative;NVIDIA NIM;Datadog,GPU/CPU hourly rates,ai.model.same-modality-context-window-and-slo-tier,IAM cross-account role + CUR + CloudWatch/ComputeOptimizer read,Supported if listed metrics are available in Signal Catalog; native advisor rows can be imported as normalized Findings,From attached AI CostVars Layer 7; prod-safe threshold: require +20% stronger evidence and owner approval
BR-0493,"Inference warm pool overprovision (Azure, standard)",AI,Inference,Azure,Azure Advisor / Azure Monitor / Cost Management,SchedulePause,P0,Very High,Medium,warm_replicas;p95_concurrency;traffic_by_hour,p95_concurrency<50% warm replicas off-hours,7d,Advisor API; Azure Monitor; Resource Graph; Cost Export; Retail Prices API,KEDA;Knative;NVIDIA NIM;Datadog,GPU/CPU hourly rates,ai.model.same-modality-context-window-and-slo-tier,App Registration SPN + Reader/Monitoring Reader/Cost Reader/Advisor Reader,Supported if listed metrics are available in Signal Catalog; native advisor rows can be imported as normalized Findings,From attached AI CostVars Layer 7; baseline threshold as listed
BR-0494,"Inference warm pool overprovision (Azure, strict)",AI,Inference,Azure,Azure Advisor / Azure Monitor / Cost Management,SchedulePause,P0,Very High,Medium,warm_replicas;p95_concurrency;traffic_by_hour,p95_concurrency<50% warm replicas off-hours; strict mode adds 20% safety headroom,7d,Advisor API; Azure Monitor; Resource Graph; Cost Export; Retail Prices API,KEDA;Knative;NVIDIA NIM;Datadog,GPU/CPU hourly rates,ai.model.same-modality-context-window-and-slo-tier,App Registration SPN + Reader/Monitoring Reader/Cost Reader/Advisor Reader,Supported if listed metrics are available in Signal Catalog; native advisor rows can be imported as normalized Findings,From attached AI CostVars Layer 7; prod-safe threshold: require +20% stronger evidence and owner approval
BR-0495,"Inference warm pool overprovision (GCP, standard)",AI,Inference,GCP,Google Cloud Recommender / Monitoring / Billing Export,SchedulePause,P0,Very High,Medium,warm_replicas;p95_concurrency;traffic_by_hour,p95_concurrency<50% warm replicas off-hours,7d,Recommender API; Cloud Monitoring; Cloud Asset Inventory; BigQuery Billing Export; Cloud Billing Catalog,KEDA;Knative;NVIDIA NIM;Datadog,GPU/CPU hourly rates,ai.model.same-modality-context-window-and-slo-tier,Service account or WIF + recommender/monitoring/asset/billing export access,Supported if listed metrics are available in Signal Catalog; native advisor rows can be imported as normalized Findings,From attached AI CostVars Layer 7; baseline threshold as listed
BR-0496,"Inference warm pool overprovision (GCP, strict)",AI,Inference,GCP,Google Cloud Recommender / Monitoring / Billing Export,SchedulePause,P0,Very High,Medium,warm_replicas;p95_concurrency;traffic_by_hour,p95_concurrency<50% warm replicas off-hours; strict mode adds 20% safety headroom,7d,Recommender API; Cloud Monitoring; Cloud Asset Inventory; BigQuery Billing Export; Cloud Billing Catalog,KEDA;Knative;NVIDIA NIM;Datadog,GPU/CPU hourly rates,ai.model.same-modality-context-window-and-slo-tier,Service account or WIF + recommender/monitoring/asset/billing export access,Supported if listed metrics are available in Signal Catalog; native advisor rows can be imported as normalized Findings,From attached AI CostVars Layer 7; prod-safe threshold: require +20% stronger evidence and owner approval
BR-0497,"Inference warm pool overprovision (SaaS, standard)",AI,Inference,SaaS,CloudHealth / Cloudability / Densify / Datadog / Kubecost / Spot.io / Flexera,SchedulePause,P0,Very High,Medium,warm_replicas;p95_concurrency;traffic_by_hour,p95_concurrency<50% warm replicas off-hours,7d,SaaS REST APIs; exports; webhooks; collectors,KEDA;Knative;NVIDIA NIM;Datadog,GPU/CPU hourly rates,ai.model.same-modality-context-window-and-slo-tier,API token + account/cluster/resource mapping to FinOps Signal Catalog,Supported if listed metrics are available in Signal Catalog; native advisor rows can be imported as normalized Findings,From attached AI CostVars Layer 7; baseline threshold as listed
BR-0498,"Inference warm pool overprovision (SaaS, strict)",AI,Inference,SaaS,CloudHealth / Cloudability / Densify / Datadog / Kubecost / Spot.io / Flexera,SchedulePause,P0,Very High,Medium,warm_replicas;p95_concurrency;traffic_by_hour,p95_concurrency<50% warm replicas off-hours; strict mode adds 20% safety headroom,7d,SaaS REST APIs; exports; webhooks; collectors,KEDA;Knative;NVIDIA NIM;Datadog,GPU/CPU hourly rates,ai.model.same-modality-context-window-and-slo-tier,API token + account/cluster/resource mapping to FinOps Signal Catalog,Supported if listed metrics are available in Signal Catalog; native advisor rows can be imported as normalized Findings,From attached AI CostVars Layer 7; prod-safe threshold: require +20% stronger evidence and owner approval
BR-0499,"Inference warm pool overprovision (FinOps, standard)",AI,Inference,FinOps,FinOps Basic Provider Registry + Signal Catalog,SchedulePause,P0,Very High,Medium,warm_replicas;p95_concurrency;traffic_by_hour,p95_concurrency<50% warm replicas off-hours,7d,Canonical Signal Catalog query; Product Catalog rate_delta; Reconciler outcomes,KEDA;Knative;NVIDIA NIM;Datadog,GPU/CPU hourly rates,ai.model.same-modality-context-window-and-slo-tier,Manifest-driven integration + health probe + signal binding + backtest,Supported if listed metrics are available in Signal Catalog; native advisor rows can be imported as normalized Findings,From attached AI CostVars Layer 7; baseline threshold as listed
BR-0500,"Inference warm pool overprovision (FinOps, strict)",AI,Inference,FinOps,FinOps Basic Provider Registry + Signal Catalog,SchedulePause,P0,Very High,Medium,warm_replicas;p95_concurrency;traffic_by_hour,p95_concurrency<50% warm replicas off-hours; strict mode adds 20% safety headroom,7d,Canonical Signal Catalog query; Product Catalog rate_delta; Reconciler outcomes,KEDA;Knative;NVIDIA NIM;Datadog,GPU/CPU hourly rates,ai.model.same-modality-context-window-and-slo-tier,Manifest-driven integration + health probe + signal binding + backtest,Supported if listed metrics are available in Signal Catalog; native advisor rows can be imported as normalized Findings,From attached AI CostVars Layer 7; prod-safe threshold: require +20% stronger evidence and owner approval
